Date,Unnamed: 1,Unnamed: 2,Unnamed: 3,Unnamed: 4,Unnamed: 5,Unnamed: 6,Unnamed: 7
2020-03-30,61.83704376220703,62.0093475048291,60.52414930589501,60.8493420241544,167976400,,
2020-03-31,61.71084213256836,63.70080921944118,61.15510884421136,62.028754737466606,197002000,,
2020-04-01,58.46379852294922,60.35912091217952,58.03183020107801,59.82037323829742,176218400,,
2020-04-02,59.43936538696289,59.49275506292741,57.49065332322106,58.32546967140694,165934000,,
2020-04-03,58.58514022827149,59.626231543601605,57.99300285608874,58.9224639013772,129880000,,
2020-04-06,63.69596862792969,63.85127936413574,60.51930084799207,60.88817032671101,201820400,,
2020-04-07,62.95820999145508,65.93588600447147,62.853859800879945,65.71746898385814,202887200,,
2020-04-08,64.5696029663086,64.88508270225176,63.39503750123095,63.76147775323179,168895200,,
2020-04-09,65.03555297851562,65.54032952455171,64.2371442763535,65.20786042767898,161834800,,
2020-04-13,66.31205749511719,66.42126604167221,64.51137549316124,65.1132222675946,131022800,,
2020-04-14,69.6609878540039,69.95220554894752,67.47687735984769,67.95010426263765,194994800,,
2020-04-15,69.02519226074219,69.48628092008256,68.10301494206142,68.53255414367216,131154400,,
2020-04-16,69.57363891601562,69.94008655387744,68.52041300810855,69.74108800841772,157125200,,
2020-04-17,68.629638671875,69.63676274652339,67.18812439019051,69.08830567330986,215250000,,
2020-04-20,67.20509338378906,68.35781862849281,67.18568232250739,67.45263070247596,130015200,,
2020-04-21,65.12776947021484,67.28276042085989,64.41429253639382,67.0473614677832,180991600,,
2020-04-22,67.00367736816406,67.4404966317663,66.05723069304202,66.39940158614417,116862400,,
2020-04-23,66.7439956665039,68.3747986128888,66.7051661432597,66.94784510905522,124814400,,
2020-04-24,68.6708984375,68.68060767421453,67.22210405742399,67.27064283501898,126161200,,
2020-04-27,68.71943664550781,69.05190579194252,67.93800973096258,68.38696009309551,117087600,,
2020-04-28,67.60550689697266,69.36492949955759,67.51329510571802,69.18292026480744,112004800,,
2020-04-29,69.82604217529297,70.29684010085327,68.89415555935265,69.0980050622793,137280800,,
2020-04-30,71.29907989501953,71.47623821292636,69.97648392480959,70.36719351970498,183064000,,
2020-05-01,70.1512222290039,72.56102298757865,69.3697955313602,69.46686565282405,240616800,,
2020-05-04,71.14376831054688,71.27238786945037,69.4838450310099,70.1754815823106,133568000,,
2020-05-05,72.2115478515625,73.04636403298885,71.45924162451303,71.60485047587322,147751200,,
2020-05-06,72.95659637451172,73.58998507405805,72.52947892116252,72.91533768168664,142333600,,
2020-05-07,73.71133422851562,74.05837090774547,73.28179496479571,73.58514378532654,115215200,,
2020-05-08,75.46578216552734,75.51931637355732,74.04470105585122,74.3732060857613,133838400,,
2020-05-11,76.65325927734375,77.14965926401848,74.7625342106639,74.97180698726206,145946400,,
2020-05-12,75.77723693847656,77.79205798459127,75.655568982972,77.33944932858249,162301200,,
2020-05-13,74.8623275756836,76.88202106495895,73.78191501660768,75.95733970236651,200622400,,
2020-05-14,75.32221221923828,75.38304620688119,73.37308887883164,74.09823268490378,158929200,,
2020-05-15,74.87691497802734,74.92314940994656,73.0518950634004,73.08596566629879,166348400,,
2020-05-18,76.6410903930664,77.01582984347145,75.51201542213853,76.20552437986748,135178400,,
2020-05-19,76.19820404052734,77.50734488883182,76.16656918671303,76.65810501038028,101729600,,
2020-05-20,77.6801528930664,77.75071498536498,77.0207069953293,77.0596416459209,111504800,,
2020-05-21,77.10099792480469,78.08407725078851,76.86252601832638,77.54143540411926,102688800,,
2020-05-22,77.59740447998047,77.68013781166567,76.73599313969208,76.83819007988166,81803200,,
2020-05-26,77.07178497314453,78.89923259629772,77.01581504082098,78.71916640033362,125522000,,
2020-05-27,77.40760803222656,77.55361111108796,76.18606403867054,76.92824326203885,112945200,,
2020-05-28,77.44166564941406,78.70457981685169,76.80412665218442,77.08152577208277,133560800,,
2020-05-29,77.3662338256836,78.14734015890691,77.00852967618476,77.68500333141107,153532400,,
2020-06-01,78.31768035888672,78.43934833911615,77.18859793786604,77.32000143580059,80791200,,
2020-06-02,78.68025207519531,78.70458715753213,77.60713955055513,78.05001280060178,87642800,,
2020-06-03,79.11337280273438,79.37617975384588,78.42716372886015,79.00144035927285,104491200,,
2020-06-04,78.43205261230469,79.23505835292487,78.05731313453714,78.93575985874213,87560400,,
2020-06-05,80.6658706665039,80.72670465644849,78.65348495250613,78.68268407951567,137250400,,
2020-06-08,81.14280700683594,81.17687760567065,79.64872807646304,80.36170065582685,95654400,,
2020-06-09,83.70513916015625,84.09934224911986,80.78997894985643,80.82161381457999,147712400,,
2020-06-10,85.85865783691406,86.32829444981938,84.21614013366542,84.65657762001017,166651600,,
2020-06-11,81.73652648925781,85.4254995866706,81.63432957087501,84.99966176602365,201662400,,
2020-06-12,82.44220733642578,84.63223063265221,81.32773208201846,83.88275926094929,200146000,,
2020-06-15,83.46180725097656,84.11638164574502,80.92867875199258,81.09171712965171,138808800,,
2020-06-16,85.67372131347656,85.94626382585014,83.88277221688082,85.52285420682057,165428800,,
2020-06-17,85.55450439453125,86.48161397178043,85.43283639304421,86.42077997103691,114406400,,
2020-06-18,85.58856201171875,86.00710017036369,84.97778636060843,85.51069272033729,96820400,,
2020-06-19,85.09945678710938,86.76387395155108,83.98740960809002,86.29667304189616,264476000,,
2020-06-22,87.32598876953125,87.46955611781256,85.44743456028412,85.49366899417434,135445200,,
2020-06-23,89.18994140625,90.6134584535216,88.15332769754528,88.57430163969642,212155600,,
2020-06-24,87.61553955078125,89.73986501886358,87.24080011710065,88.81761971025675,192623200,,
2020-06-25,88.77867126464844,88.81760590082357,87.0096218971974,87.7712644729489,137522400,,
2020-06-26,86.0508804321289,88.89547786008215,85.90244166309822,88.67404128728082,205256800,,
2020-06-29,88.03409576416016,88.12900036647599,85.47906782275209,85.95844002880014,130646000,,
2020-06-30,88.76896667480469,89.05610878837916,87.60095688672507,87.62042049858218,140223200,,
2020-07-01,88.60102844238281,89.39187009469211,88.55236571939244,88.84680007065832,110737200,,
2020-07-02,88.60102844238281,90.14864858351037,88.48666770164547,89.5111097319661,114041600,,
2020-07-06,90.97113800048828,91.44077455841791,90.00265833546331,90.03429319420877,118655600,,
2020-07-07,90.68888092041016,92.1318614031436,90.57694845637648,91.35075503882445,112424400,,
2020-07-08,92.80104064941406,92.83267551468656,91.58192502451844,91.6695298380442,117092000,,
2020-07-09,93.20008850097656,93.75002260337048,92.14887559615345,93.69648840656866,125642800,,
2020-07-10,93.36314392089844,93.42154960385396,92.18053466189856,92.79373863774762,90257200,,
2020-07-13,92.9324188232422,97.29056588797718,92.71828203302502,94.67226910472262,191649200,,
2020-07-14,94.47032928466795,94.66255936029044,91.37509535164902,92.31193292486348,170989200,,
2020-07-15,95.12004089355467,96.60195624210073,93.91796045974108,96.35132045919772,153198000,,
2020-07-16,93.94959259033205,94.8085683480698,93.34855239093874,93.98852724031188,110577600,,
2020-07-17,93.75977325439452,94.55791486444916,93.2852651867788,94.40218371971898,92186800,,
2020-07-20,95.73565673828124,95.8743600058145,93.50183459957924,93.84737490055308,90318000,,
2020-07-21,94.41436004638672,96.60438386189568,94.16372428454169,96.52895030233236,103433200,,
2020-07-22,94.67960357666016,95.36337714422316,94.02746487733732,94.11506227305588,89001600,,
2020-07-23,90.37010192871094,94.48977758073065,89.55736078613936,94.4119082982508,197004400,,
2020-07-24,90.14623260498048,90.4917729162458,86.76872848149942,88.56212064394785,185438800,,
2020-07-27,92.28271484375,92.37518368443884,90.98817335217583,91.21203824708472,121214000,,
2020-07-28,90.76673889160156,92.029652979998,90.76186742027872,91.852015075252,103625600,,
2020-07-29,92.50659942626952,92.69153713216036,91.2144860730092,91.2509849817971,90329200,,
2020-07-30,93.62594604492188,93.73057872513968,91.26802000602063,91.67682263526056,158130000,,
2020-07-31,103.42752838134766,103.57839550277168,98.13739905674298,100.14249260806086,374336800,,
2020-08-03,106.03363800048828,108.6616632352544,105.01649553295304,105.31579399255398,308151200,,
2020-08-04,106.74175262451172,107.83676443958548,105.4983020129732,106.22344584387962,173071600,,
2020-08-05,107.1286392211914,107.44984441915976,105.99469293819868,106.4619011739729,121776800,,
2020-08-06,110.86627197265624,111.36267931542626,106.87070043201264,107.46200491950506,202428800,,
2020-08-07,108.3456573486328,110.84434776897682,107.54607671169924,110.38605018937842,198045600,,
2020-08-10,109.92042541503906,110.94184176665888,107.260843161199,109.79609796621772,212403600,,
2020-08-11,106.65143585205078,109.68155371834231,106.39059512633617,109.18181853754392,187902400,,
2020-08-12,110.19593048095705,110.45433109831116,107.55097318580611,107.74598999306475,165598000,,
2020-08-13,112.14610290527344,113.15289349736156,111.09055440270924,111.58054387716682,210082000,,
2020-08-14,112.0461654663086,112.13636091412904,110.23004099312963,111.97059590519343,165565200,,
2020-08-17,111.7536163330078,113.19676560303644,111.12468097941458,113.17238664899372,119561600,,
2020-08-18,112.68485260009766,113.11145831572809,111.1685737018232,111.50498397074077,105633600,,
2020-08-19,112.82624816894533,114.2450187969475,112.73117989850726,113.094401843563,145538000,,
2020-08-20,115.3298110961914,115.44438550181256,112.85061914452253,112.86768515883944,126907200,,
2020-08-21,121.27301788330078,121.75812706548174,116.28051027747574,116.2926960344444,338054800,,
2020-08-24,122.72347259521484,125.57807915731564,120.85128503311088,125.49274910090044,345937600,,
2020-08-25,121.7166976928711,122.06286102018731,119.98833606258718,121.59237766186422,211495600,,
2020-08-26,123.3719253540039,123.83022293693548,121.9677808342838,123.03795523691794,163022400,,
2020-08-27,121.89707946777344,124.31044704258385,120.74889549672172,123.97647695855753,155552400,,
2020-08-28,121.69963836669922,123.2939194462389,121.4753623837178,122.8746266915099,187630000,,
2020-08-31,125.82674407958984,127.73794429666664,122.86245023954196,124.4031081470526,225702700,,
2020-09-01,130.8387451171875,131.44331646895694,127.27964057724807,129.45410665665014,151948100,,
2020-09-02,128.12796020507812,134.54411128513743,123.83753197784804,134.16382339626398,200119000,,
2020-09-03,117.86992645263672,125.63171109830373,117.49939163024852,123.74977777668435,257599600,,
2020-09-04,117.94795989990234,120.61972875413336,108.12871445358172,117.0801224898848,332607200,,
2020-09-08,110.01065826416016,116.02701672799977,109.87414501248966,111.11251734961898,231366600,,
2020-09-09,114.39859008789062,116.17326959342994,112.38988895508608,114.34008654092769,176940500,,
2020-09-10,110.6639633178711,117.49940814881737,109.69861756632326,117.3628949087768,182274400,,
2020-09-11,109.21106719970705,112.3606396431834,107.26086957114084,111.71707085483806,180860300,,
2020-09-14,112.48738861083984,113.04319458206484,109.99113827543115,111.86332602698766,140150100,,
2020-09-15,112.66291046142578,115.87098624147583,110.78096957645457,115.38343686650312,184642000,,
2020-09-16,109.33782196044922,113.11145686330156,109.25006664242188,112.36063408677492,154679000,,
2020-09-17,107.5923843383789,109.40606847088276,106.00297617469543,106.98782792048596,178011000,,
2020-09-18,104.1795654296875,108.11896597388156,103.44824123696516,107.65092265661131,287104900,,
2020-09-21,107.33887481689452,107.44613627717712,100.53268210169752,101.9368267167326,195713800,,
2020-09-22,109.02578735351562,110.04964400266276,106.4417816531773,109.87412593250646,183055400,,
2020-09-23,104.45256805419922,109.31830814093878,104.1112775817434,108.84051189467765,150718700,,
2020-09-24,105.52518463134766,107.50463384194084,102.38536556375315,102.5511305606354,167743300,,
2020-09-25,109.48409271240234,109.64011209223098,104.98888662302512,105.7299637983842,149981400,,
2020-09-28,112.09734344482422,112.44837956504264,109.97162802324053,112.1461013546261,137672400,,
2020-09-29,111.24900817871094,112.43862979442277,110.74196012319106,111.69756013169471,99382200,,
2020-09-30,112.92619323730467,114.34009100590048,110.79073185621964,110.95649687203009,142675200,,
2020-10-01,113.88178253173828,114.78862465587768,112.94568863575778,114.7106149713594,116120400,,
2020-10-02,110.2056655883789,112.49715377159484,109.42559099443216,110.07890541970863,144712000,,
2020-10-05,113.59900665283205,113.74527295614752,110.72246825841832,111.07350441061016,106243800,,
2020-10-06,110.34215545654295,113.22844627096674,109.45481220538576,112.81889922613412,161498200,,
2020-10-07,112.21437072753906,112.6726683499166,111.2880224118318,111.76582617611366,96849000,,
2020-10-08,112.10710906982422,113.5015006370164,111.73656676842208,113.35523433064256,83477200,,
2020-10-09,114.05731964111328,114.08657141783722,112.05836391828292,112.40940011779864,100506900,,
2020-10-12,121.30228424072266,122.06286006446172,116.30977603444282,117.07035185818188,240226800,,
2020-10-13,118.08445739746094,122.26763193691323,116.67056718260892,122.15061740846656,262330500,,
2020-10-14,118.17223358154295,119.9664119184526,116.64132866428776,117.98696241696996,150712000,,
2020-10-15,117.70417785644533,118.1819741959685,115.20792725389234,115.7637332845987,112559200,,
2020-10-16,116.05626678466795,118.523273229094,115.85149691019734,118.25999236233596,115393800,,
2020-10-19,113.0919418334961,117.42137467094597,112.77991057098248,116.97283019604588,120639300,,
2020-10-20,114.58385467529295,116.01725100908146,112.75066428839048,113.3064702709398,124423700,,
2020-10-21,113.95978546142578,115.75396346252074,113.55023836168668,113.7647612616899,89946000,,
2020-10-22,112.86768341064452,115.10066050216788,111.7365652586778,114.52534835538113,101988000,,
2020-10-23,112.1753387451172,113.6477396473206,111.43426175971916,113.49172030748456,82572600,,
2020-10-26,112.18511962890624,113.64776782516624,110.0691495843626,111.17101598676972,111850700,,
2020-10-27,113.69651794433594,114.35958542213469,111.68781680839272,112.61415768734956,92276800,,
2020-10-28,108.43099212646484,112.5556636487498,108.3334837266658,112.18512875374776,143937800,,
2020-10-29,112.44837951660156,114.01828898706523,109.4060689558234,109.57184138543089,146129200,,
2020-10-30,106.14924621582033,109.20130250137127,105.03763428104902,108.29446040306703,190272600,,
2020-11-02,106.06148529052734,107.9239274305086,104.64759511176818,106.3930227262898,122866900,,
2020-11-03,107.68991088867188,108.71376013684448,106.0224928792937,106.9293350359113,107624400,,
2020-11-04,112.08760833740234,112.71167099792936,109.55235284908468,111.29778066004462,138235500,,
2020-11-05,116.06600952148438,116.64132168469465,113.9597999720388,115.01290102705484,126387100,,
2020-11-06,115.93415832519533,116.4323113514343,113.43359348677036,115.57274661299846,114457900,,
2020-11-09,113.61917877197266,119.15752589443072,113.35545115043828,117.7021241226147,154515300,,
2020-11-10,113.27729034423828,114.85967074705178,111.48000948330214,112.86704412515682,138023400,,
2020-11-11,116.71556854248048,116.85231729677407,113.73639073565728,114.46897654176516,112295000,,
2020-11-12,116.44207000732422,117.7314207166171,115.81693072113664,116.84255382154495,103162300,,
2020-11-13,116.49089813232422,116.89137444647928,115.13317320860196,116.66671900133667,81581900,,
2020-11-16,117.50675964355467,118.1807334795776,115.40667896087976,116.15879706701332,91183000,,
2020-11-17,116.61788940429688,117.86816796066498,116.19787325311871,116.7741779499669,74271000,,
2020-11-18,115.28945922851562,117.03789809748132,115.26015699113172,115.8559939920962,76322100,,
2020-11-19,115.88530731201172,116.29555357911477,114.09779613817214,114.85968419200586,74113000,,
2020-11-20,114.615478515625,116.0122756382638,114.56664393716416,115.88529679156848,73604300,,
2020-11-23,111.20650482177734,114.88897301609046,111.10882822148255,114.45918703209716,127959300,,
2020-11-24,112.49588775634766,113.16009926300342,109.9757905000141,111.26514882374212,113874200,,
2020-11-25,113.3358917236328,114.03917519557103,112.49585951573404,112.86704104383878,76499200,,
2020-11-27,113.88289642333984,114.76200083857178,113.52149221259016,113.86336408177816,46691300,,
2020-11-30,116.2857894897461,118.1612073576281,114.09779452496896,114.25408307341652,169410200,,
2020-12-01,119.87055206298828,120.6031377307928,117.22347674425754,118.20025763466356,127728200,,
2020-12-02,120.22220611572266,120.5054734972761,118.08305336151588,119.1868131981227,89004200,,
2020-12-03,120.0854721069336,120.9059646626562,119.37241861729504,120.65199948730223,78967600,,
2020-12-04,119.41149139404295,120.00732847079844,118.69843790059431,119.75336329408746,78260400,,
2020-12-07,120.87665557861328,121.67761574577152,119.4114839958422,119.47008847443368,86712000,,
2020-12-08,121.49201202392578,122.0780865564266,120.23196370264463,121.48224958003208,82225500,,
2020-12-09,118.952392578125,123.02556768253118,118.19050456748764,121.63854040920428,115089200,,
2020-12-10,120.37850189208984,120.99387876073848,117.3602518397124,117.70212373771253,81312200,,
2020-12-11,119.5677719116211,119.90964378868306,117.75095856237984,119.58730425363264,86939800,,
2020-12-14,118.952392578125,120.48593849632398,118.7179672176784,119.75335272421144,79184500,,
2020-12-15,124.91075897216795,124.93029876658032,121.24783000590143,121.4529531337426,157243700,,
2020-12-16,124.8423843383789,125.3893793448256,123.6214080188118,124.45167787791586,98208600,,
2020-12-17,125.71173095703124,126.57130313801186,125.0670518212958,125.90708420602752,94359800,,
2020-12-18,123.71908569335938,126.10243373072132,123.19162305629168,125.96568498617572,192541500,,
2020-12-21,125.25263214111328,125.33077641507084,120.58361982974763,122.11716580798593,121251600,,
2020-12-22,128.81785583496094,131.28911005051614,126.6396239339047,128.5541208474198,168904800,,
2020-12-23,127.91925811767578,129.35511260798816,127.74342977111928,129.0913924448983,88223700,,
2020-12-24,128.90577697753906,130.3611858888105,128.0559823612598,128.27087535230643,54930100,,
2020-12-28,133.5161895751953,134.15109122678413,130.41001842398242,130.87888400818076,124486200,,
2020-12-29,131.73846435546875,135.5674445419394,131.22077155630924,134.8446360549227,121047300,,
2020-12-30,130.6151580810547,132.83245515094322,130.3025810031429,132.43197135905453,96452100,,
2020-12-31,129.6090545654297,131.61145830727833,128.66157593984025,130.96677936325997,99116600,,
2021-01-04,126.4052276611328,130.5077047138714,123.81675662565016,130.419798004515,143301900,,
2021-01-05,127.96808624267578,128.68114717522673,125.4479892220974,125.8973150850131,97664900,,
2021-01-06,123.66046142578124,128.007140936444,123.4455684337253,124.75445872522664,155088000,,
2021-01-07,127.88016510009766,128.57368615922834,124.8912176629468,125.37960815671642,109578200,,
2021-01-08,128.98394775390625,129.5504825827211,127.20619899060829,129.3551144383391,105158200,,
2021-01-11,125.98519134521484,127.14756295513908,125.51634070494472,126.1903218841104,100384500,,
2021-01-12,125.80939483642578,126.67872932371974,123.91443732593233,125.51635755772662,91951100,,
2021-01-13,127.8508758544922,128.39787087837826,125.50660720798145,125.77032737017872,88636800,,
2021-01-14,125.91683197021484,127.9583005158704,125.77030588952316,127.7629473127755,90221800,,
2021-01-15,124.18793487548828,127.19642212299212,124.05118613262424,125.78985510810772,111598500,,
2021-01-19,124.8619155883789,125.7214876279719,123.99258110451602,124.81307355803928,90757300,,
2021-01-20,128.96438598632812,129.41371177555757,125.56519249707168,125.67263899637692,104319500,,
2021-01-21,133.6920166015625,136.42700650318062,130.48817597250854,130.69330654954064,120150900,,
2021-01-22,135.8409423828125,136.60283037919487,131.88497630652225,133.1157150150256,114459400,,
2021-01-25,139.60154724121094,141.72116035187767,133.36967931189386,139.74807334283994,157611700,,
2021-01-26,139.8359832763672,140.94951311366867,138.08753679306704,140.26576933716714,98390600,,
2021-01-27,138.76153564453125,140.949530910091,137.1498526175353,140.09972112639457,140843800,,
2021-01-28,133.90689086914062,138.6931262527624,133.52594691185897,136.28047622181393,142621100,,
2021-01-29,128.89602661132812,133.56503857337148,127.18665987069944,132.67616429116572,177523800,,
2021-02-01,131.025390625,132.2366043185905,127.88991734702876,130.64444666641413,106239800,,
2021-02-02,131.85568237304688,133.14502563870852,131.48450079597174,132.57849082798725,83305400,,
2021-02-03,130.830078125,132.6175895343007,130.5077385359951,132.60781218328634,89880900,,
2021-02-04,134.199951171875,134.2097136169971,131.4649611835476,133.1352633782053,84183100,,
2021-02-05,133.7841796875,134.42982206884446,132.9037691142245,134.36135298845358,75693800,,
2021-02-08,133.93092346191406,133.97983847702403,131.98421930396577,133.0700669616327,71297200,,
2021-02-09,133.05052185058594,134.87984224201634,132.89401467161727,133.64724931778963,76774200,,
2021-02-10,132.4440155029297,134.0092066849529,131.47555177979126,133.5102943457137,73046600,,
2021-02-11,132.18966674804688,133.42224462079582,130.85925883741726,132.94290131800943,64280000,,
2021-02-12,132.42440795898438,132.58093001697634,130.78097113036387,131.42661342450694,60145100,,
2021-02-16,130.29185485839844,133.05048531230534,129.90054970151292,132.5418109985024,80576300,,
2021-02-17,127.99299621582033,129.34297301716086,126.65281137358724,128.39407844328628,97918500,,
2021-02-18,126.8875961303711,127.17127933958186,124.63763974131736,126.38868386598486,96856700,,
2021-02-19,127.04412078857422,127.86585435879635,125.9974109532454,127.40608001446142,87668800,,
2021-02-22,123.25833892822266,126.89739584310225,122.86704112148782,125.22459753272622,103916400,,
2021-02-23,123.12137603759766,123.95287914625916,115.81391675875304,121.067072044615,158273000,,
2021-02-24,122.6224594116211,122.82788904485356,119.570353474015,122.22138464103878,111039900,,
2021-02-25,118.35734558105467,123.70832364732854,117.91714023140678,121.96705631635206,148199500,,
2021-02-26,118.62144470214844,122.1333245023614,118.56274519725484,119.92249889039728,164560400,,
2021-03-01,125.00938415527344,125.14633726081128,120.11818049068046,121.05729069867618,116307900,,
2021-03-02,122.3974838256836,125.91914898981548,122.28987674743256,125.61589674931776,102260900,,
2021-03-03,119.40406799316406,122.97464835600556,119.18885382602626,122.09423015561678,112966300,,
2021-03-04,117.51603698730467,120.91053295934664,116.03889910024034,119.10078939752296,178155000,,
2021-03-05,118.7779769897461,119.2866663032066,115.01175200979324,118.34755618226085,153766600,,
2021-03-08,113.8280792236328,118.36711510668628,113.68134163784862,118.29863856177148,154376600,,
2021-03-09,118.45516204833984,119.4040567156157,116.20521293027856,116.43998860707968,129525800,,
2021-03-10,117.36930847167967,119.51165027406913,116.8508346932734,119.04209897356596,111943300,,
2021-03-11,119.30623626708984,120.52903715634343,118.62147075446155,119.87361767091576,103026500,,
2021-03-12,118.39645385742188,118.5334069388377,116.56714878563196,117.78016499105064,88105100,,
2021-03-15,121.29204559326172,121.30183008866132,117.79972707392189,118.76819060713665,92403800,,
2021-03-16,122.8376922607422,124.45179101170382,122.00618910521187,122.96486087306128,115227900,,
2021-03-17,122.04531860351562,123.12138194063304,119.67797030579568,121.35076856352724,111932600,,
2021-03-18,117.90735626220705,120.49969573928055,117.70192660055912,120.20622052927806,121229700,,
2021-03-19,117.3791046142578,118.78777367187806,117.07585237233634,117.29106652984883,185549500,,
2021-03-22,120.70510864257812,121.17466742071304,117.64321821066616,117.71169475504172,111912300,,
2021-03-23,119.87361907958984,121.53662532316352,119.48232129775354,120.6464301462858,95467100,,
2021-03-24,117.47691345214844,120.22577469235176,117.45735192347423,120.14751365088765,88530500,,
2021-03-25,117.96603393554688,119.0127585740185,116.41063491697948,116.93888575254492,98844700,,
2021-03-26,118.5725326538086,118.8366617739708,116.33236096513146,117.73124520868502,94071200,,
2021-03-29,118.74864196777344,119.91275082818898,118.10300696502964,119.00298664807106,80819200,,
2021-03-30,117.29104614257812,117.78016642885794,116.2736750515101,117.49647576720966,85671900,,
2021-03-31,119.4920883178711,120.8322731356612,118.5138477380496,119.00296802796036,118323800,,
2021-04-01,120.32360076904295,121.4779250424358,119.82469594439944,120.96924318486212,75089100,,
2021-04-05,123.16051483154295,123.41485952230822,120.39209165233228,121.17468725620162,88651200,,
2021-04-06,123.46376037597656,124.3637400471671,122.91594796105788,123.74745108038356,80171300,,
2021-04-07,125.11697387695312,125.1365354050088,122.41702773888204,123.09201613924569,83466700,,
2021-04-08,127.52346801757812,127.5528140466846,125.72350857412272,126.14414494249527,88844600,,
2021-04-09,130.10598754882812,130.14511060136672,126.65279975013205,126.97562090894628,106686700,,
2021-04-12,128.3843231201172,129.95929134574504,127.78759565756825,129.63647010271666,91420000,,
2021-04-13,131.5048828125,131.7298889082425,129.05928119869824,129.5581934810451,91266500,,
2021-04-14,129.15708923339844,132.06246464983604,128.79514503277483,132.0037726093852,87222800,,
2021-04-15,131.5733642578125,132.06248457103857,130.73207672199297,130.90816779667338,89347100,,
2021-04-16,131.2407684326172,131.73966578761528,130.37991188899602,131.37772152575985,84922400,,
2021-04-19,131.90597534179688,132.5222717730815,130.4386142591335,130.60491339062307,94264200,,
2021-04-20,130.21360778808594,132.5809482656911,128.9418920136985,132.08205092978312,94812300,,
2021-04-21,130.59515380859375,130.83971402171846,128.4430269184505,129.4799598338159,68847100,,
2021-04-22,129.06907653808594,131.2309800623084,128.55061017652483,130.1451323202757,84566500,,
2021-04-23,131.39732360839844,132.17990437956945,129.28431970198534,129.28431970198534,78657500,,
2021-04-26,131.78860473632812,132.12120303338915,130.65384180036304,131.89621182382086,66905100,,
2021-04-27,131.4657745361328,132.46358428625007,131.1918683187311,132.07227902798385,66015800,,
2021-04-28,130.6733856201172,132.0820545207044,130.18426530334483,131.38749710310995,107760100,,
2021-04-29,130.57553100585938,134.0874255635315,129.56794453712286,133.50047532318814,151101000,,
2021-04-30,128.5995330810547,130.65382966034915,128.21801979298792,128.91256235309382,109839500,,
2021-05-03,129.65599060058594,131.15271231319818,128.9614481976195,129.16687034568793,75135100,,
2021-05-04,125.0680694580078,128.6288723998823,123.9430911832169,128.3353972104989,137564700,,
2021-05-05,125.31263732910156,127.61149397563412,125.18546126388162,126.38869312319078,84000900,,
2021-05-06,126.91693115234376,126.92670818396309,124.3637153203284,125.1071802094576,78128300,,
2021-05-07,127.59307098388672,128.62195632366613,126.87773161828584,128.22020778860636,78973300,,
2021-05-10,124.30059814453124,126.9365300969227,124.26140115764764,126.80915297265736,88071200,,
2021-05-11,123.3794937133789,123.73225163919108,120.30259382458506,121.01792574395532,126142800,,
2021-05-12,120.30259704589844,122.13501696157893,119.793051160694,120.91994025373684,112172300,,
2021-05-13,122.45838928222656,123.61467427312743,121.76265955967637,122.07622799062943,105861300,,
2021-05-14,124.88854217529295,125.31970156938156,123.32070002778138,123.71266243367454,81918000,,
2021-05-17,123.73226165771484,124.37900077220148,122.65437060963178,124.27121091978704,74244600,,
2021-05-18,122.34080505371094,124.43779545294036,122.27221218928985,124.01643714976464,63342900,,
2021-05-19,122.18401336669922,122.40938669653872,120.39079046342964,120.68476412746298,92612000,,
2021-05-20,124.7513427734375,125.15310625133428,122.58575987654724,122.71315194322682,76857100,,
2021-05-21,122.9091339111328,125.42748227973826,122.69355422979484,125.25109958373996,79295400,,
2021-05-24,124.54557800292967,125.36869980376578,123.40889524832689,123.4774881087248,63092900,,
2021-05-25,124.34960174560548,125.74106867528867,123.78125662475324,125.25111005560896,72009500,,
2021-05-26,124.30059814453124,124.82974625336892,123.87923988060832,124.408387989446,56575900,,
2021-05-27,122.7621612548828,125.07473132442752,122.56618378162432,123.89885153275388,94625600,,
2021-05-28,122.10562896728516,123.27171512304146,122.04683722029289,123.0463342994687,71311100,,
2021-06-01,121.7822494506836,122.83074455067668,121.44908627688244,122.56617423477933,67637100,,
2021-06-02,122.54657745361328,122.72296016407644,121.5568815278501,121.78225486696007,59278900,,
2021-06-03,121.05712890625,122.34079850429372,120.65536538181918,122.17421691048338,76229200,,
2021-06-04,123.35989379882812,123.62447159323196,121.36089230936066,121.57647200078276,75169300,,
2021-06-07,123.36969757080078,123.78125473088885,122.32120243854156,123.63426789483997,71057600,,
2021-06-08,124.19279479980467,125.87823514834906,123.67344786315635,124.05560909865456,74403800,,
2021-06-09,124.57496643066406,125.18250849792624,123.97722547889047,124.65336040245155,56877900,,
2021-06-10,123.5754852294922,125.61368389975463,123.40890362522713,124.46719247519351,71186400,,
2021-06-11,124.79054260253906,124.87873768733272,123.56566486306367,123.98702310448564,53522400,,
2021-06-14,127.85763549804688,127.9164272379966,124.51617286716927,125.25109952078272,96906500,,
2021-06-15,127.03451538085938,127.97522803307054,126.78953984094318,127.3284890191829,62746300,,
2021-06-16,127.5343017578125,128.25943497558805,125.8782791268306,127.74988149952615,91815000,,
2021-06-17,129.1413116455078,129.88604692888487,127.04432141727578,127.19131572684212,96721700,,
2021-06-18,127.83808135986328,128.86696697995066,127.62250162274736,128.08305697457453,108953300,,
2021-06-21,129.64105224609375,129.7488420763639,126.61315831230448,127.68124802454167,79663300,,
2021-06-22,131.2873077392578,131.38530395142936,128.9747376819625,129.47449743106563,74783600,,
2021-06-23,131.012939453125,131.6204890694468,130.55238415861209,131.08153979372707,60214200,,
2021-06-24,130.728759765625,131.93403531891448,130.2583959308748,131.74785150334102,68711000,,
2021-06-25,130.43478393554688,131.19910646414033,130.1408102817522,130.7777556903275,70783700,,
2021-06-28,132.07119750976562,132.53175267085416,130.66994475096507,130.72873648180723,62111300,,
2021-06-29,133.590087890625,133.74687585363333,131.64988544279703,132.09083850565025,64556100,,
2021-06-30,134.20741271972656,134.64836572202546,133.1393079515186,133.4332816037582,63261400,,
2021-07-01,134.51119995117188,134.56999169991087,133.0315378313321,133.85466717004775,52485800,,
2021-07-02,137.14715576171875,137.18634528143556,134.98156473226965,135.12854412136403,78852600,,
2021-07-06,139.1657257080078,140.27300511470358,137.25491925633426,137.25491925633426,108181800,,
2021-07-07,141.66444396972656,141.9780048449236,139.79282749974843,140.65513112062905,104911600,,
2021-07-08,140.36122131347656,141.16473348435932,137.84286503744906,138.73457978552972,105575500,,
2021-07-09,142.19361877441406,142.72275942044914,139.7830526150671,139.88104882276198,99890800,,
2021-07-12,141.59585571289062,143.37928474040953,141.10590465506056,143.27149490960213,76299700,,
2021-07-13,142.7129364013672,144.49636533984406,140.74333862999035,141.13529347583724,100827100,,
2021-07-14,146.1524200439453,146.56399216212412,144.7119624866864,145.12353460486517,127050800,,
2021-07-15,145.49586486816406,146.98532030046908,144.1338014981312,146.24060006037655,106820300,,
2021-07-16,143.44790649414062,146.75017267674576,142.94816167117358,145.47631156501131,93251400,,
2021-07-19,139.5870819091797,141.17453382837715,138.82275929894942,140.86095791027105,121434600,,
2021-07-20,143.2127227783203,144.14364197451235,140.08684683491023,140.5767980109594,96350000,,
2021-07-21,142.47776794433594,143.19310728596565,141.72325404739772,142.60516000969034,74993500,,
2021-07-22,143.8496551513672,145.22151233826582,142.87954652855333,143.0069386073803,77338200,,
2021-07-23,145.57424926757812,145.73103718743823,143.96721046930946,144.5845535586843,71447400,,
2021-07-26,145.9956512451172,146.81876560092866,144.731568886007,145.29012038238656,72434100,,
2021-07-27,143.8202667236328,146.21123076065714,142.62478470512065,146.1230281888383,104818600,,
2021-07-28,142.06619262695312,144.01620305633568,139.67522927292944,141.8996110755162,118931200,,
2021-07-29,142.7129364013672,143.60465087060564,141.6742426029659,141.78203242839163,56699500,,
2021-07-30,142.9285430908203,143.38909834548167,141.21371414962815,141.4782919442919,70440600,,
2021-08-02,142.5954132080078,143.996666578683,142.33083535156817,143.41852770345864,62880000,,
2021-08-03,144.3984375,145.06476404375385,142.26224220829448,142.87958558722158,64786600,,
2021-08-04,143.9966278076172,144.81974208144462,143.34009511643663,144.3102036940969,56368300,,
2021-08-05,144.1044158935547,144.8687384173836,143.232303529077,144.02602192289004,46397700,,
2021-08-06,143.41746520996094,144.36939566640558,142.91697171230874,143.62355957636092,54126800,,
2021-08-09,143.368408203125,143.96704478811583,142.8090348226229,143.47635955368153,48908700,,
2021-08-10,142.88754272460938,144.9582349617114,142.59312859632232,143.71189030419347,69023100,,
2021-08-11,143.14268493652344,143.98666406649497,142.81883091257257,143.32914770557306,48493500,,
2021-08-12,146.11624145507812,146.27326431640063,143.12305867466128,143.46654431198874,72282600,,
2021-08-13,146.3223419189453,146.6560042822418,145.5078026382922,146.19475896699817,59375000,,
2021-08-16,148.3046875,148.37339061458732,143.7413212084629,145.77275011469712,103296000,,
2021-08-17,147.39202880859375,148.85426118078644,146.31251533457103,147.4312770374107,92229700,,
2021-08-18,143.6333770751953,147.91215275914686,143.4272826956147,147.00929375834372,86326000,,
2021-08-19,143.96702575683594,145.24281019262168,141.808014005634,142.328139087416,86960300,,
2021-08-20,145.42930603027344,145.7335285086771,144.04556994347644,144.69327810851246,60549600,,
2021-08-23,146.92095947265625,147.39201304068925,145.13485827480818,145.54703201865243,60131800,,
2021-08-24,146.83265686035156,148.04956173285944,146.37141150401135,146.6658256638388,48606400,,
2021-08-25,145.59609985351562,147.519592250737,145.04653487560168,147.0190838087262,58991300,,
2021-08-26,144.79141235351562,146.3419797050803,144.76197243335207,145.58633512151286,48597200,,
2021-08-27,145.83168029785156,145.9788799012183,144.09465010548706,144.73253501944615,55802400,,
2021-08-30,150.26744079589844,150.63055805059383,145.84146538996188,146.22419927229765,90956700,,
2021-08-31,149.00148010253906,149.953410655414,148.4715316635546,149.81601938873746,86453100,,
2021-09-01,149.66880798339844,152.0927942907588,149.50197679710354,149.98285372785378,80313700,,
2021-09-02,150.7875518798828,151.8376253671697,149.560838913159,151.00345455998809,71115500,,
2021-09-03,151.42547607421875,151.74933014670412,150.23801114177232,150.89552760123323,57808700,,
2021-09-07,153.7709197998047,154.33029310259397,151.51376504008468,152.08296162989393,82278300,,
2021-09-08,152.22032165527344,154.11435882079286,151.1113686151284,154.05547900884176,74420200,,
2021-09-09,151.19973754882812,153.20172648114232,151.08196292373444,152.59328165383056,57305700,,
2021-09-10,146.19473266601562,152.58344783541474,145.9297584959971,152.11239429112135,140893200,,
2021-09-13,146.76393127441406,148.5990889424979,145.9788320399669,147.82381299473937,102404300,,
2021-09-14,145.36056518554688,148.25561957289722,144.17311549895538,147.5490317533872,109296300,,
2021-09-15,146.25364685058594,146.6560123561671,143.64319768326396,145.79240150994914,83281300,,
2021-09-16,146.01809692382812,146.19475138463315,144.4773531646783,145.67462626455162,68034100,,
2021-09-17,143.3389434814453,146.04753509048223,143.0445293968297,146.04753509048223,129868800,,
2021-09-20,140.27708435058594,142.141682080616,138.63819761482773,141.12106347538898,123478900,,
2021-09-21,140.7579345703125,141.9061509958665,140.12004986680236,141.24861971901947,75834000,,
2021-09-22,143.1328582763672,143.7020398490534,141.02290323463595,141.7589309289446,76404300,,
2021-09-23,144.09463500976562,144.33997763935906,142.9268016969767,143.91798052970498,64838200,,
2021-09-24,144.1829376220703,144.7226943379148,142.8482732767658,142.94641630674622,53477900,,
2021-09-27,142.6618194580078,143.24083941199348,141.14070721951342,142.75996249414771,74150700,,
2021-09-28,139.2662811279297,142.05336955149633,139.05037843565805,140.58131390847566,108972300,,
2021-09-29,140.16912841796875,141.75894358779652,139.3840291456937,139.81583449417113,74602000,,
2021-09-30,138.86390686035156,141.6902583077313,138.64800418175875,140.98367044588636,89056700,,
2021-10-01,139.9925079345703,140.25748218533883,136.51846265310405,139.2564799959563,94639600,,
2021-10-04,136.5478973388672,139.56071210655347,135.69410975464882,139.1190833806911,98322000,,
2021-10-05,138.48118591308594,139.59013932235956,136.76378761176298,136.89137056313777,80861100,,
2021-10-06,139.35459899902344,139.50179857153668,135.79221959896122,136.87173304580557,83221100,,
2021-10-07,140.62059020996094,141.53327267759198,140.06121674069388,140.39487915917087,61732700,,
2021-10-08,140.23780822753906,141.49396099877396,139.9041459233565,141.3467614453176,58773200,,
2021-10-11,140.1494903564453,142.11223095937743,139.16812005497923,139.6195569824435,64452200,,
2021-10-12,138.8737030029297,140.58129268183015,138.41245777313225,140.56166108335393,73035900,,
2021-10-13,138.28489685058594,138.76575872878743,136.60674699681144,138.60875085656076,78762700,,
2021-10-14,141.08181762695312,141.1995922695785,138.8737340029269,139.4625622924774,69907100,,
2021-10-15,142.14169311523438,142.20057294661328,140.83646861307787,141.09163451508613,67940300,,
2021-10-18,143.81985473632812,144.10444560236448,140.49300922542568,140.77760009146203,85589200,,
2021-10-19,145.9886474609375,146.39101289718135,143.81982737932438,144.2712493533105,76378900,,
2021-10-20,146.47933959960938,146.96021648343887,145.36057794956784,145.92977457496073,58418800,,
2021-10-21,146.69520568847656,146.85222850621082,145.11519914951074,146.03768948554944,61421000,,
2021-10-22,145.91998291015625,147.38221538017035,145.87091138995885,146.90135341600217,58883400,,
2021-10-25,145.8709259033203,146.58732225099823,144.86992369489604,145.91017413866788,50720600,,
2021-10-26,146.5382537841797,148.0299261985199,146.23401634323616,146.54806209858722,60893400,,
2021-10-27,146.0770263671875,146.94062235133498,145.7237323363229,146.57752000485914,56094900,,
2021-10-28,149.72769165039062,150.3165049156438,146.9307799732344,147.02892300470535,100077900,,
2021-10-29,147.00929260253906,147.14668386300448,143.68244746206824,144.47735511008415,124953200,,
2021-11-01,146.1849365234375,146.911141011652,145.04654330331536,146.21437643649898,74588300,,
2021-11-02,147.2252197265625,148.7463471320613,145.88073183903717,145.89055512860912,69122000,,
2021-11-03,148.66783142089844,149.1388850965005,147.02894438379172,147.58831781584547,54511500,,
2021-11-04,148.1476593017578,149.59025979048718,147.8336136344687,148.75610406397846,60394600,,
2021-11-05,148.67840576171875,149.58258253436696,147.47938515102905,149.2779160670636,65463900,,
2021-11-08,147.8528594970703,148.9634314889483,147.577675905586,148.80617943770554,55020900,,
2021-11-09,148.2164764404297,148.8258093306056,147.47937439726354,147.61696617879937,56787900,,
2021-11-10,145.3761749267578,147.54817551221967,145.30738653523977,147.4400666143663,65187100,,
2021-11-11,145.32704162597656,146.86021155645847,145.14030669919578,146.3983080486063,41000000,,
2021-11-12,147.4105987548828,147.81353650941713,144.94375410603553,145.8774137755265,63804000,,
2021-11-15,147.42039489746094,149.26806864568343,146.86019019858912,147.78402707270035,59222800,,
2021-11-16,148.40321350097656,148.88479224149762,146.77175735607312,147.36144499767522,59256200,,
2021-11-17,150.8503875732422,152.33441420975052,148.39338089243975,148.40320352046666,88807000,,
2021-11-18,155.15505981445312,155.94130498570996,150.41795852638504,151.06661191740037,137827700,,
2021-11-19,157.78897094726562,158.25088939976666,153.83810003292044,154.938834219453,117305600,,
2021-11-22,158.25088500976562,162.85039415850727,158.23122475801478,158.89952335376228,117467900,,
2021-11-23,158.6342010498047,159.0174935359154,156.3246085076116,158.34917984431854,96041900,,
2021-11-24,159.15505981445312,159.35161734057587,156.89461077309667,157.98552228891256,69463600,,
2021-11-26,154.11328125,157.69068229853394,153.67102305648032,156.82582616349364,76959800,,
2021-11-29,157.4842987060547,158.41795820454487,156.05922289657292,156.62925022109002,88748200,,
2021-11-30,162.457275390625,162.6734931658107,157.1697925187928,157.23859590016,174048100,,
2021-12-01,161.93643188476562,167.37133051574247,161.70055379902217,164.59981924468755,152052500,,
2021-12-02,160.9437713623047,161.3762069674829,155.08627542774454,156.0101124031017,136739200,,
2021-12-03,159.05677795410156,162.12313243269475,156.97324112607134,161.19929553834072,118023100,,
2021-12-06,162.47694396972656,164.9929163957049,161.45482079893625,161.46464342690166,107497000,,
2021-12-07,168.2361602783203,168.62929035916358,165.44500418803963,166.17228359031526,120405400,,
2021-12-08,172.069091796875,172.93396293794615,167.76441134011623,169.16982694435688,116998900,,
2021-12-09,171.55804443359375,173.7103848403719,170.92905127787418,171.90203139222558,108923700,,
2021-12-10,176.36395263671875,176.54086493199145,171.68581688842568,172.19687852363788,115402700,,
2021-12-13,172.7177276611328,178.99783543305975,172.51133252468716,178.00519524766332,153237000,,
2021-12-14,171.33200073242188,174.68336162152622,169.24846375567876,172.23617743924208,139380400,,
2021-12-15,176.2165069580078,176.41306447625462,169.34671147190795,172.09856171649545,131063300,,
2021-12-16,169.29757690429688,178.02486912244925,167.81355032065514,176.19685561719783,150185800,,
2021-12-17,168.19683837890625,170.48677026390172,166.77177759111154,167.0076406202552,195432700,,
2021-12-20,166.8307647705078,167.64649284258897,164.5801530989622,165.38604354598067,107499100,,
2021-12-21,170.01504516601562,170.22142533588615,166.21158850394502,168.60962950115896,91185900,,
2021-12-22,172.6194610595703,172.8356788475582,169.18947432865244,170.06416810864746,92135300,,
2021-12-23,173.24844360351562,173.80864829178057,172.25581836202977,172.82584567773912,68356600,,
2021-12-27,177.22882080078125,177.3172694486978,174.02488925086175,174.0445345083678,74919600,,
2021-12-28,176.2066650390625,178.21159066688713,175.45974048938143,177.06171346697758,79144300,,
2021-12-29,176.295166015625,177.52366948045372,175.076485179818,176.2460228777558,62348900,,
2021-12-30,175.13543701171875,177.46468959324108,175.02732811556052,176.38360063165865,59773000,,
2021-12-31,174.51626586914062,176.14770679713808,174.21158446445702,175.02731242664456,64062300,,
2022-01-03,178.87991333007812,179.73496187327837,174.653873733677,174.77180525837534,104487900,,
2022-01-04,176.60964965820312,179.79393593953884,176.0396222685355,179.4892694890775,99310400,,
2022-01-05,171.91184997558594,177.07156425536837,171.6366664137079,176.5211971316123,94537600,,
2022-01-06,169.04205322265625,172.28530491748282,168.68824367419558,169.73001206789144,96904000,,
2022-01-07,169.2091522216797,171.1452748909949,168.0887576563829,169.9167714204335,86709100,,
2022-01-10,169.2288055419922,169.53347199078678,165.27793434356843,166.17228843262194,106765600,,
2022-01-11,172.069091796875,172.1673630652104,167.88235785704865,169.35656184948618,76138300,,
2022-01-12,172.5113525390625,174.13297095610363,171.8135710369917,173.09120251884048,74805200,,
2022-01-13,169.2288055419922,173.5826144650006,168.835675449693,172.7570637657418,84505800,,
2022-01-14,170.0936737060547,170.79145523828697,168.14771352583708,168.39341420548664,80440800,,
2022-01-18,166.87991333007812,169.57278332194957,166.49662084966823,168.56049766865218,90956700,,
2022-01-19,163.37130737304688,168.13790701368765,163.08630115574192,167.07647817629606,94815000,,
2022-01-20,161.6808319091797,166.7619189727944,161.35650528856056,164.10835525435476,91420500,,
2022-01-21,159.61695861816406,163.46954264259136,159.50884974263576,161.5923862567709,122848900,,
2022-01-24,158.84059143066406,159.50890516515202,152.03959752482095,157.26811587232896,162294600,,
2022-01-25,157.03221130371094,159.9609590965899,154.31968130054574,156.24596615896806,115798400,,
2022-01-26,156.9437713623047,161.5629412237311,155.10593504422843,160.6882473882618,108275300,,
2022-01-27,156.48184204101562,161.02238556956317,155.55800513342504,159.65629046052865,121954600,,
2022-01-28,167.40078735351562,167.42044760669708,160.00028414870977,162.86024363325143,179935700,,
2022-01-31,171.77423095703125,171.9904487208476,166.59485724513786,167.2336879096415,115541600,,
2022-02-01,171.607177734375,171.83321815334287,169.3467285555597,171.01749012376968,86213900,,
2022-02-02,172.8160400390625,172.85536054887322,170.3492104199486,171.74478859061858,84914300,,
2022-02-03,169.9265899658203,173.2091625575225,169.160005018323,171.4794201148579,89418100,,
2022-02-04,169.64120483398438,171.32394513354754,167.9584645344212,168.94251932550307,82465400,,
2022-02-07,168.92286682128906,171.17634592324976,168.22418123926562,170.1037296917855,77251200,,
2022-02-08,172.0423126220703,172.55402535255456,168.6965170956554,168.99173655614575,74829200,,
2022-02-09,173.46917724609375,173.83327271357754,172.11117683042102,173.24284884864312,71285000,,
2022-02-10,169.3755340576172,172.6819593071923,168.814630541294,171.3633292711471,90865900,,
2022-02-11,165.95101928710938,170.32022548644153,165.360580335394,169.58218430454045,98670700,,
2022-02-14,166.1871795654297,166.87601492289843,163.90416522012222,164.70124720629926,86185500,,
2022-02-15,170.03482055664062,170.19227292675632,167.5353279968633,168.24384864689935,62527400,,
2022-02-16,169.79869079589844,170.57608762783394,167.3385533314997,169.10985530896428,61177400,,
2022-02-17,166.1871795654297,169.1688644106395,165.78371349338204,168.30289138097328,69589300,,
2022-02-18,164.6323699951172,167.82069791691148,163.54006857345092,167.1121922796674,82772700,,
2022-02-22,161.69992065429688,164.03212613943992,159.56450814551414,162.34938552584524,91162800,,
2022-02-23,157.51768493652344,163.50072589040192,157.20278014132612,162.9004517631082,90009200,,
2022-02-24,160.1450958251953,160.25334246210673,149.5763410580208,150.14709468760051,141147500,,
2022-02-25,162.221435546875,162.48711952478297,158.30488673407692,161.22753061493847,91974200,,
2022-02-28,162.4871368408203,162.78235630766343,159.84002681342048,160.45998619224247,95056600,,
2022-03-01,160.59774780273438,163.9435432871471,159.3873645469528,162.0738300711703,83474400,,
2022-03-02,163.90415954589844,164.69140636238802,160.35172123734418,161.76876250392863,79724800,,
2022-03-03,163.5794219970703,166.21669661748916,162.91027195360368,165.78371011148872,76678400,,
2022-03-04,160.5682373046875,162.91029278730187,159.5153063627005,161.8671969888056,83737200,,
2022-03-07,156.7599334716797,162.38872815867046,156.5040696124171,160.75519357831982,96418800,,
2022-03-08,154.92958068847656,160.28284087725882,153.31573151528343,156.28758103481016,131148300,,
2022-03-09,160.3517608642578,160.80443277563816,156.86821273593628,158.90519879842833,91454900,,
2022-03-10,155.9923858642578,157.83256370946663,153.49287802702014,157.64559087729302,105342000,,
2022-03-11,152.26278686523438,156.7402389691296,152.03645847766137,156.39581380133615,96970100,,
2022-03-14,148.21832275390625,151.66251440478936,147.70662509120922,149.03509000440232,108732100,,
2022-03-15,152.61708068847656,153.0894378821165,147.9821902189739,148.49388798885315,92964300,,
2022-03-16,157.04531860351562,157.44878471807235,151.99712715402308,154.54582575293017,102300200,,
2022-03-17,158.0588836669922,158.4328293113158,155.1165693039783,156.08093884327653,75615400,,
2022-03-18,161.36532592773438,161.8573534009996,157.21261285213674,157.9506540620346,123511700,,
2022-03-21,162.7429656982422,163.69749992685104,160.410745925995,160.902773259691,95811400,,
2022-03-22,166.1281280517578,166.71855188517935,162.28047042303692,162.87089425645846,81532000,,
2022-03-23,167.49595642089844,169.88720212485975,164.9767637860135,165.31135379443643,98062700,,
2022-03-24,171.29443359375,171.36330962465348,167.4959813021374,168.33241890873853,90131400,,
2022-03-25,171.93409729003906,172.48516570835838,169.99550766563758,171.10749466256007,80546200,,
2022-03-28,172.80001831054688,172.92793521618862,169.2574152411662,169.42470274506977,90371900,,
2022-03-29,176.1064453125,176.15563603779327,173.528211647518,173.87263681747436,100589400,,
2022-03-30,174.93544006347656,176.74609743731983,173.88249413539714,175.7030016679424,92633200,,
2022-03-31,171.82582092285156,175.19128676604245,171.61916279397346,175.00431393883977,103049300,,
2022-04-01,171.53057861328125,172.09149702017976,169.198373694139,171.25504448846627,78751300,,
2022-04-04,175.5947723388672,175.64397809076996,171.6585524344424,171.78648438629216,76468400,,
2022-04-05,172.26864624023438,175.45698948199342,171.6388517127187,174.66974256872732,73401800,,
2022-04-06,169.0901336669922,170.86143526379934,167.41724355380708,169.6116814961237,89058800,,
2022-04-07,169.39520263671875,170.5957507645845,167.14172361896223,168.4308330803216,77594700,,
2022-04-08,167.37786865234375,169.04092358061774,166.50206052636017,169.04092358061774,76575500,,
2022-04-11,163.10707092285156,166.33476922464124,162.8610572412183,166.0198795202021,72246700,,
2022-04-12,164.9866485595703,167.1614014854587,163.98290835466773,165.34090892509556,79265200,,
2022-04-13,167.68295288085938,168.31274743098942,164.11084372073287,164.72095296806577,70618900,,
2022-04-14,162.65440368652344,168.53906192676106,162.40838999801636,167.89941732735232,75329400,,
2022-04-18,162.43792724609375,163.94352983512067,160.96184509877446,161.30625525719185,69023900,,
2022-04-19,164.73077392578125,165.14409017149563,161.2964321500132,162.3887336211493,67723800,,
2022-04-20,164.56349182128906,166.18719136722032,163.45152002793873,166.06909457220715,67929800,,
2022-04-21,163.76638793945312,168.7949082587247,163.2645254279015,166.2166896462883,87227800,,
2022-04-22,159.21023559570312,165.1932911869879,158.92486628163977,163.8057851903542,84882400,,
2022-04-25,160.28289794921875,160.56826731865502,155.93337625096916,158.55095137998663,96046400,,
2022-04-26,154.29981994628906,159.75147779014625,154.22109374803105,159.66291644791357,95623200,,
2022-04-27,154.07347106933594,157.24211378977282,152.9024434257798,153.42399128149194,88063200,,
2022-04-28,161.03074645996094,161.8967195942573,156.3958411813348,156.710745963074,130216800,,
2022-04-29,155.13624572753906,163.54991794930683,154.7426297819827,159.25943807460507,131747600,,
2022-05-02,155.4413299560547,155.70701398729622,150.82610973572451,154.2112612412753,123055300,,
2022-05-03,156.93704223632812,158.1474403507243,153.8274407389376,155.62824765941318,88966500,,
2022-05-04,163.37277221679688,163.82542898874118,156.7205525613251,157.12401860863298,108256500,,
2022-05-05,154.27029418945312,161.46373326041538,152.47930702556806,161.23740483289234,130525300,,
2022-05-06,154.99952697753906,157.12821179757466,151.94446922447622,153.7479370549887,116124600,,
2022-05-09,149.85523986816406,153.5705818622736,149.29351226682695,152.68362217522588,131577900,,
2022-05-10,152.2696990966797,154.46737635991622,150.71260627459526,153.26506437118704,115366700,,
2022-05-11,144.37583923339844,153.19606667734942,143.69584140711092,151.2743434971103,142689800,,
2022-05-12,140.49298095703125,144.08020299470903,136.78750364436277,140.6999427258126,182602000,,
2022-05-13,144.97698974609375,145.9526407258744,141.03498745815705,142.4935240941809,113990900,,
2022-05-16,143.42974853515625,145.38105052063565,142.08946713795373,143.43961316503615,86643800,,
2022-05-17,147.0761260986328,147.5984402531948,144.5532317399834,146.7016310302499,78336300,,
2022-05-18,138.7781982421875,145.22336538861344,137.87152447980347,144.72076550868903,109742900,,
2022-05-19,135.35850524902344,139.6060101724561,134.61937984366847,137.85182041341724,136095600,,
2022-05-20,135.5950164794922,138.65992377824847,130.68722797221466,137.07326729810367,137426100,,
2022-05-23,141.0349884033203,141.18280747509044,135.6541486277064,135.792118107207,117726300,,
2022-05-24,138.3248748779297,139.91153156082976,135.3388090457555,138.76834717267448,104132700,,
2022-05-25,138.48257446289062,139.73414963230113,136.33417493293138,136.42286639453397,92482700,,
2022-05-26,141.69528198242188,142.2471599393567,135.1515582804655,135.3979334424933,90601500,,
2022-05-27,147.47032165527344,147.50973506608682,143.15382385017716,143.28194375102797,90978500,,
2022-05-31,146.68190002441406,148.47551826509655,144.710898900611,146.90857598068396,103718400,,
2022-06-01,146.55380249023438,149.53986813880326,145.53872302627963,147.72653558588104,74286600,,
2022-06-02,149.01754760742188,149.07667523553576,144.73061411862278,145.68655087325112,72348100,,
2022-06-03,143.2720947265625,145.82453789756687,142.3654358987846,144.770044944171,88570300,,
2022-06-06,144.02105712890625,146.41583140720172,142.799030970996,144.89815206168706,71598400,,
2022-06-07,146.55380249023438,146.83959105092737,142.0106440716535,142.25701922442352,67808200,,
2022-06-08,145.81468200683594,147.69697680968412,145.32193168448424,146.42568759453718,53950200,,
2022-06-09,140.57180786132812,145.80481374848975,140.4634021916062,144.94743302094574,69473000,,
2022-06-10,135.1417236328125,138.7190811555441,135.0727313617925,138.24604500265073,91437900,,
2022-06-13,129.96783447265625,133.23968891028474,129.53421176750797,130.94347052169286,122207100,,
2022-06-14,130.83506774902344,131.94868835400084,129.57362805380447,131.19971323419813,84784300,,
2022-06-15,133.46633911132812,135.3486488673454,130.24376297463832,132.34286902822936,91533000,,
2022-06-16,128.17422485351562,130.4704434004071,127.16900988024103,130.16494057459525,108123900,,
2022-06-17,129.6524658203125,131.15043105016284,127.92783964673345,128.18407944512376,134520300,,
2022-06-21,133.89999389648438,135.07274229839362,131.38697879244958,131.48551985360913,81000500,,
2022-06-22,133.3875274658203,135.7625727546572,131.96840403366457,132.8356344352228,73409200,,
2022-06-23,136.2651824951172,136.58053489148253,133.66346131552876,134.83620952437622,72433800,,
2022-06-24,139.60601806640625,139.85239321545572,137.74342254109405,137.87152739306867,89116800,,
2022-06-27,139.60601806640625,141.40948596195392,138.92602024902237,140.63093206993196,70207900,,
2022-06-28,135.4471893310547,141.34047803244417,135.32893408463596,140.06918902081082,67083400,,
2022-06-29,137.21124267578125,138.6303659287056,134.6883635761582,135.46691746181185,66242400,,
2022-06-30,134.7376708984375,136.36374120727302,131.8304465390549,135.2599851206719,98964500,,
2022-07-01,136.9156036376953,137.02400931509246,133.69302720857007,134.06750724522163,71051600,,
2022-07-05,139.50747680664062,139.5567548491927,134.94460374967946,135.77243576693132,73353800,,
2022-07-06,140.84776306152344,142.0303609345011,139.0344453204545,139.3005347290775,74064300,,
2022-07-07,144.22804260253906,144.42513974752345,141.20254804373226,141.2123976378396,66253700,,
2022-07-08,144.9080047607422,145.4106197017086,142.89759010951482,143.1538148575739,64547800,,
2022-07-11,142.76950073242188,144.51384141572962,141.69530843445892,143.5579044056013,63141600,,
2022-07-12,143.74513244628906,146.29757564571045,142.946879286725,143.6465763614465,77588800,,
2022-07-13,143.38050842285156,144.3265807145126,140.0593606954875,140.91675656689353,71185600,,
2022-07-14,146.31729125976562,146.79032738889836,141.17297636311127,141.99094375492157,78140700,,
2022-07-15,147.9926300048828,148.67262785570932,146.05119253188846,147.6082853549652,76259900,,
2022-07-18,144.93760681152344,149.37236031781808,144.57296129769512,148.5543928665957,81420900,,
2022-07-19,148.8105926513672,149.03725358197892,144.7798987508147,145.77524895701922,82982400,,
2022-07-20,150.82102966308594,151.4911779992742,148.18974443892895,148.92887000877803,64823400,,
2022-07-21,153.0975341796875,153.3143455287886,149.73697330616696,152.25985260020167,65086600,,
2022-07-22,151.8557891845703,154.01403798046638,151.18565597102892,153.13694301712763,66675400,,
2022-07-25,150.73233032226562,152.7920231935369,150.07204665223094,151.7769586670234,53623900,,
2022-07-26,149.4019012451172,150.87028755705626,148.61349773507445,150.05232023117222,55138700,,
2022-07-27,154.51663208007812,155.04881082380393,149.9537745387539,150.36768298523742,78620700,,
2022-07-28,155.06851196289062,155.35430049556004,152.17113804441613,154.70386654701585,81378700,,
2022-07-29,160.15370178222656,161.25747271207914,157.18735030288008,158.90212681060993,101786900,,
2022-08-01,159.168212890625,161.2180561543135,158.55720726769144,158.6754625398599,67829400,,
2022-08-02,157.68997192382812,160.0551827813026,157.31549185882793,157.77867842117527,59907000,,
2022-08-03,163.72122192382812,164.17454378554137,158.4192238049961,158.5079152513036,82507500,,
2022-08-04,163.40585327148438,164.76584892141557,162.04585762155315,163.60295038541236,55474100,,
2022-08-05,163.17889404296875,163.6723288419394,160.85974446443265,161.06699370571175,56697000,,
2022-08-08,162.70518493652344,165.60658394853183,162.04398411639912,164.18548932563507,60276900,,
2022-08-09,162.7545623779297,163.64275421535987,161.10649165166032,161.8663855989373,63135500,,
2022-08-10,167.017822265625,167.11650019395563,164.7085358778416,165.4782929876242,70170500,,
2022-08-11,166.2776641845703,168.74483818248612,165.9816002931334,167.8270416248752,57149200,,
2022-08-12,169.8402557373047,169.9093287754835,167.17569590306385,167.59019436587388,68039400,,
2022-08-15,170.9159698486328,171.11334078167582,169.10013317113808,169.26789921714646,54091700,,
2022-08-16,170.75807189941406,171.42915116082955,169.40606515854284,170.51135446153611,56377100,,
2022-08-17,172.25808715820312,173.83706944158646,170.3040896179902,170.50146052110878,79542000,,
2022-08-18,171.8633270263672,172.60347919281742,170.84685258911696,171.46858522763415,62290100,,
2022-08-19,169.26788330078125,171.4587350859564,169.06063405258988,170.758051022337,70346300,,
2022-08-22,165.3697509765625,167.62967580149297,164.94538920566245,167.461909771558,69026800,,
2022-08-23,165.03419494628906,166.49477276056035,164.46180878530728,164.88617053329148,54147100,,
2022-08-24,165.33026123046875,165.90264739975865,164.06706935977206,165.12302704926418,53841500,,
2022-08-25,167.79742431640625,167.9059805666135,166.13949074062336,166.56383740879377,51218200,,
2022-08-26,161.4716033935547,168.80405254539968,161.4123936253421,168.3303593412636,78961000,,
2022-08-29,159.26100158691406,160.7610323552504,157.7214876066338,159.03401076431982,73314000,,
2022-08-30,156.82347106933594,160.42553952970596,155.64909369131306,160.0011927774789,77906200,,
2022-08-31,155.15562438964844,158.47150652042689,155.0766730224354,158.2050475383872,87991100,,
2022-09-01,155.8859405517578,156.33989216971713,152.6391308869704,154.5832653521816,74229900,,
2022-09-02,153.76416015625,158.25442014549628,152.93519325134068,157.6524290472663,76957800,,
2022-09-06,152.50096130371094,155.02734512371137,151.67199443622994,154.41549077748996,73714800,,
2022-09-07,153.9121856689453,154.61285463504657,151.59303614241935,152.78715495485997,87449600,,
2022-09-08,152.43186950683594,154.3069155323693,150.6752279441013,152.60949878868428,84923800,,
2022-09-09,155.3036651611328,155.74776853082005,152.71807161072002,153.42861893209738,68028800,,
2022-09-12,161.28408813476562,162.10319169268726,157.20832701154205,157.49451256385936,104956000,,
2022-09-13,151.8199920654297,158.43201434659505,151.35616222080873,157.800418503048,122656600,,
2022-09-14,153.27072143554688,155.037226524522,151.5930460586156,152.75754500619573,87965400,,
2022-09-15,150.3693084716797,153.2016343191028,149.39231725485783,152.6193698403597,90481100,,
2022-09-16,148.7212371826172,149.36271142090462,146.4218293394224,149.22455028716234,162278800,,
2022-09-19,152.45159912109375,152.53055048964774,147.14225134713436,147.34948551345897,81474200,,
2022-09-20,154.83982849121094,156.00434240653766,151.06999458899193,151.3857850189289,107689800,,
2022-09-21,151.70159912109375,156.6556888275703,151.5831795854477,155.27406232514645,101696800,,
2022-09-22,150.7344512939453,152.44173129494766,148.92847832058902,150.37917767527796,86652500,,
2022-09-23,148.45480346679688,149.4811563994393,146.60936192506745,149.2048340849056,96029900,,
2022-09-26,148.79034423828125,151.7509532458143,147.67517669341092,147.69491830315658,93339400,,
2022-09-27,149.76731872558594,152.68845924345578,147.98108723466274,150.7344617346572,84442700,,
2022-09-28,147.87254333496094,148.66204205913598,142.9381951319115,145.70143313730634,146691400,,
2022-09-29,140.6091766357422,144.79350916804302,138.83280834097133,144.18165483368003,128138200,,
2022-09-30,136.38539123535156,141.22106186093816,136.18802030456854,139.42495175640798,124925300,,
2022-10-03,140.57955932617188,141.19142866488522,135.88206585827712,136.39524222216883,114311700,,
2022-10-04,144.18165588378906,144.30007541815792,142.36580435900075,143.12569817421627,87830100,,
2022-10-05,144.47767639160156,145.44481926076756,141.13218967572325,142.17828390513333,79471000,,
2022-10-06,143.52044677734375,145.60274235287363,143.31321258240413,143.895462065149,68402200,,
2022-10-07,138.25057983398438,141.2210674225479,137.6189837955429,140.6684077127789,85925600,,
2022-10-10,138.5762176513672,140.02691706572585,136.7505180551927,138.5762176513672,74899000,,
2022-10-11,137.1551513671875,139.49404287569013,136.40513579064609,138.06306971513882,77033700,,
2022-10-12,136.5235595703125,138.5170407104307,136.34593024080016,137.30319511678357,70433700,,
2022-10-13,141.1125030517578,141.70461583345536,132.60567604457702,133.21754549496526,113224000,,
2022-10-14,136.56301879882812,142.62239748423457,136.37551116721934,142.41514824444727,88598000,,
2022-10-17,140.5400848388672,141.0236412417774,138.4281847753723,139.21768336307096,85250900,,
2022-10-18,141.86253356933594,144.77379646394078,138.7637630036198,143.57969244018685,99136600,,
2022-10-19,141.97105407714844,143.0467382727137,139.6420413366173,139.82954896048238,61758300,,
2022-10-20,141.50723266601562,143.97440668910568,140.77694373414428,141.14209572929755,64522000,,
2022-10-21,145.33627319335938,145.90865930136042,140.77692593540152,140.99403842665825,86548600,,
2022-10-24,147.48765563964844,148.2574127069579,144.0829586021744,145.25733581108966,75981900,,
2022-10-25,150.3397216796875,150.48776116501867,147.39885428402872,148.1192649256449,74732300,,
2022-10-26,147.3889617919922,149.99429659795183,146.0961501334883,148.97782224560154,88194300,,
2022-10-27,142.8987274169922,147.09292340264514,142.23752656273683,146.12579536819774,109180200,,
2022-10-28,153.695068359375,155.4319533375391,145.87906336998515,146.25406355734995,164762400,,
2022-10-31,151.32656860351562,152.21476020669766,149.92521569193562,151.14893931793952,97943200,,
2022-11-01,148.67189025878906,153.40886706506188,147.17185939924275,153.0437301537615,80379300,,
2022-11-02,143.1256866455078,150.1719344831505,143.0960817643003,146.9942133937789,93604600,,
2022-11-03,137.0564422607422,140.92496892991684,136.92814440584334,140.19468007204958,97918500,,
2022-11-04,136.78956604003906,141.03025327243037,132.83553912246873,140.45691755937278,140814800,,
2022-11-07,137.32334899902344,137.55070131674174,134.1107022229699,135.53415428478314,83374600,,
2022-11-08,137.89669799804688,139.80450887367877,135.90980476875018,138.79624280214017,89908500,,
2022-11-09,133.3199005126953,136.95761319516816,133.04311982943733,136.90818484099725,74917800,,
2022-11-10,145.18197631835938,145.18197631835938,137.8966866598679,139.61669377296678,118854000,,
2022-11-11,147.97946166992188,148.28589635779667,142.71071873245964,144.14406562748653,93979700,,
2022-11-14,146.5757598876953,148.5527731206919,145.73552323030617,147.25783186642536,73374100,,
2022-11-15,148.31553649902344,151.82473825025608,146.85255082741247,150.47048891741846,89868300,,
2022-11-16,147.07989501953125,148.14748399123684,145.5971350727314,147.41599873753398,64218300,,
2022-11-17,148.9877166748047,149.7389762643868,144.47023425105218,144.74701489370946,80389400,,
2022-11-18,149.55117797851562,150.9449761011956,148.24635692578445,150.55945907613687,74829600,,
2022-11-21,146.30886840820312,148.6417447784354,146.02220810744817,148.43416682216127,58724100,,
2022-11-22,148.4539337158203,148.69118076144065,145.24128683803002,146.42750698271593,51804100,,
2022-11-23,149.33370971679688,150.08496935516192,147.62358231947215,147.73231865639212,58301400,,
2022-11-25,146.40773010253906,147.16888449613631,145.42910302505686,146.6054284287757,35195900,,
2022-11-28,142.56243896484375,144.95462339373816,141.73209694821898,143.47186332830165,69246000,,
2022-11-29,139.5474853515625,143.14564904140522,138.73691772229893,142.6316213475949,83763800,,
2022-11-30,146.32864379882812,147.01071582680532,138.9346179969114,139.7748396315525,111380900,,
2022-12-01,146.6054229736328,147.41600568948158,144.92496463802755,146.5065813559001,71250400,,
2022-12-02,146.1111602783203,146.29897894842466,143.9759823709456,144.28243209151336,65447400,,
2022-12-05,144.9447479248047,149.18543519719876,144.0946315261712,146.07164500360574,68826400,,
2022-12-06,141.26748657226562,145.60703008872727,140.28885957535718,145.3796777864446,64727200,,
2022-12-07,139.32015991210938,141.72222435308203,138.39096104602496,140.55579349287746,69721100,,
2022-12-08,141.01046752929688,141.87047857115377,139.47829428917862,140.7238072376209,62128300,,
2022-12-09,140.52610778808594,143.89691905591846,139.28057976630063,140.7040317435328,76097000,,
2022-12-12,142.82931518554688,142.8391948209038,139.43872991493555,141.0598800348259,70462700,,
2022-12-13,143.79806518554688,148.24634516014598,142.58220621584587,147.78174582279246,93886200,,
2022-12-14,141.5640411376953,144.9743859949628,139.5375995292449,143.67944472283807,82291200,,
2022-12-15,134.93116760253906,140.17025624774567,134.46656823635524,139.48818419596876,98931900,,
2022-12-16,132.9640655517578,136.0679767979699,132.19303133083642,135.1190185645678,160156900,,
2022-12-19,130.84861755371094,133.6460931216457,129.8106976607881,133.5571311451233,79592600,,
2022-12-20,130.77943420410156,131.7185125149171,128.39712953221752,129.87988952300458,77432800,,
2022-12-21,133.89324951171875,135.23761942800212,131.224284039464,131.45163639109074,85928000,,
2022-12-22,130.7102508544922,133.01347352460496,128.80243995719394,132.80589554186707,77852100,,
2022-12-23,130.344482421875,130.89804371107982,128.14999653723166,129.41528379353238,63814900,,
2022-12-27,128.53553771972656,129.89968192747375,127.24059622786994,129.87002793021114,69007800,,
2022-12-28,124.59138488769533,129.52403118980348,124.4233405593597,128.17966147970347,85438400,,
2022-12-29,128.12034606933594,128.9803420184741,126.26195630324504,126.51896259932624,75703700,,
2022-12-30,128.43666076660156,128.45643512279935,125.9654017030859,126.9341415306844,77034200,,
2023-01-03,123.63253021240234,129.39551842727084,122.74287269172645,128.78264911213327,112117500,,
2023-01-04,124.90769958496094,127.18126787275598,123.64241229292816,125.4316068972832,89113600,,
2023-01-05,123.5831069946289,126.30150047855705,123.32610067708713,125.66885678017948,80962700,,
2023-01-06,128.13023376464844,128.79253144434853,123.45460129199294,124.5617315121944,87754700,,
2023-01-09,128.6541290283203,131.87667022454875,128.39712274020837,128.9704583829939,70790800,,
2023-01-10,129.22747802734375,129.75138537718297,126.647474909861,128.76287866678214,63896200,,
2023-01-11,131.9557647705078,131.9755240444425,128.9605906771462,129.74150433319187,69458900,,
2023-01-12,131.87667846679688,132.71690008626126,129.929319120193,132.34127780837738,71379600,,
2023-01-13,133.21116638183594,133.36933108444634,130.14680445669435,130.51254713349172,57809700,,
2023-01-17,134.37759399414062,135.7120688975574,132.5883994032112,133.28035102906594,63646600,,
2023-01-18,133.65597534179688,137.01689153014115,133.47803632197883,135.24747146776636,69672800,,
2023-01-19,133.71533203125,134.68406456587127,132.23257168740554,132.5390064117865,58280400,,
2023-01-20,136.28541564941406,136.43370070636414,132.67737218152695,133.7251868836129,80223600,,
2023-01-23,139.48817443847656,141.67278077878365,136.3150614449547,136.5325341153351,81760300,,
2023-01-24,140.891845703125,141.51460969317372,138.68748018952127,138.6973598255773,66435100,,
2023-01-25,140.22955322265625,140.79299416676852,137.21460493959157,139.27070057060922,65799300,,
2023-01-26,142.305419921875,142.59208020551668,140.26908361074402,141.52449124388164,54105100,,
2023-01-27,144.2527618408203,145.5378234459024,141.43552706245464,141.51460940098116,70555800,,
2023-01-30,141.35646057128906,143.8771557170406,141.20819059706298,143.29394037386407,64015300,,
2023-01-31,142.631591796875,142.68102013701483,140.6446992239128,141.05987013094617,65874500,,
2023-02-01,143.75852966308594,144.9249754734958,139.69578139358237,142.31531825228282,77663600,,
2023-02-02,149.08657836914062,149.44242627870938,146.46702672863907,147.18863235095503,118339000,,
2023-02-03,152.72427368164062,155.571177590554,146.13093629775682,146.32863460622823,154357300,,
2023-02-06,149.98609924316406,151.34036351523568,149.0470210083263,150.8164562342184,69858300,,
2023-02-07,152.87257385253906,153.44590961879757,148.90866692988584,148.90866692988584,83322600,,
2023-02-08,150.17393493652344,152.80336635897712,149.43255491704016,152.11141469080906,64120100,,
2023-02-09,149.135986328125,152.55622581029445,148.69116137357645,152.0125441621068,56007100,,
2023-02-10,149.50230407714844,149.8290111554016,147.73018216274517,147.9677914305051,57450700,,
2023-02-13,152.31396484375,152.71985991539307,149.41321016170093,149.44290943263957,62199000,,
2023-02-14,151.67044067382812,152.23475701699866,149.35380697400552,150.60122163396125,61707600,,
2023-02-15,153.77919006347656,153.94749097395436,151.35365383790918,151.58135329250317,65573800,,
2023-02-16,152.17535400390625,154.76919088525318,151.8189476677602,151.97733873436857,68167900,,
2023-02-17,151.02694702148438,151.47245120963535,149.34392280711089,150.8289468385779,59144100,,
2023-02-21,146.99757385253906,149.78942626925934,146.92828058675818,148.7004026088836,58867200,,
2023-02-22,147.4232940673828,148.45290411559392,145.69076597475495,147.38368496565576,51011300,,
2023-02-23,147.90838623046875,148.83900369928494,145.76996312428713,148.59149969615066,48394200,,
2023-02-24,145.2452392578125,145.720442659753,144.26511807901926,145.64123957502227,55469600,,
2023-02-27,146.4431610107422,147.6806809778149,145.97785229460726,146.23526611588312,44998500,,
2023-02-28,145.93824768066406,147.59157242356576,145.36403664496177,145.58184135182967,50547000,,
2023-03-01,143.8592071533203,145.76003585720164,143.5621993638043,145.36403554214274,55479000,,
2023-03-02,144.45323181152344,145.24524759786468,142.46329007120497,142.93850860687647,52238100,,
2023-03-03,149.5220947265625,149.60129780845313,145.85903905116976,146.56194185497878,70732300,,
2023-03-06,152.29412841796875,154.73946858972164,151.9278274154318,152.2545193273777,87558000,,
2023-03-07,150.08642578125,152.49215731620518,149.62111707090608,152.16545023619062,56182000,,
2023-03-08,151.34371948242188,151.93773504020743,150.31410963622918,151.28432094793197,47204800,,
2023-03-09,149.0865020751953,152.99706215582498,148.73009571987657,152.02685072996366,53833600,,
2023-03-10,147.01736450195312,149.43300577006005,146.13625093512175,148.7102983763868,68572400,,
2023-03-13,148.9677276611328,151.6110689043071,146.22537876279733,146.33428114089577,84457100,,
2023-03-14,151.0665283203125,151.86843881288326,148.60139830336453,149.7696098588517,73695900,,
2023-03-15,151.46253967285156,151.71993837140982,148.42318357477492,149.68050801163758,77167900,,
2023-03-16,154.2939910888672,154.89790141964556,150.1260173130943,150.64082983435895,76161100,,
2023-03-17,153.45248413085938,155.17511745555203,152.7396713831552,154.52170325241562,98944600,,
2023-03-20,155.82850646972656,156.24432646768744,152.6109545912959,153.5217825705538,73641400,,
2023-03-21,157.68972778320312,157.80852485445894,154.9770788401289,155.74930512262205,73938300,,
2023-03-22,156.25425720214844,160.5212245673394,156.2344526485275,157.70958221109754,75701800,,
2023-03-23,157.34323120117188,159.9370833205621,156.10571123599644,157.24423866782476,67622100,,
2023-03-24,158.65005493164062,158.73915274100096,156.27402271003157,157.27393337455686,59196500,,
2023-03-27,156.69970703125,159.16485192823146,156.2937969084943,158.34313696257095,52390300,,
2023-03-28,156.07601928710938,156.90764422361815,154.4226943488484,156.39283166414998,45992200,,
2023-03-29,159.16488647460938,159.4420897633789,157.75906547972215,157.7788549243155,51305700,,
2023-03-30,160.73899841308594,160.84790077737682,159.659884598305,159.9172833200629,49501700,,
2023-03-31,163.25360107421875,163.3526086978247,160.29346346957524,160.81817064051347,68749800,,
2023-04-03,164.51095581054688,164.62975289569243,162.58042764470542,162.62993146566447,56976200,,
2023-04-04,163.97634887695312,165.17425973324032,163.46153634610226,164.9366655701128,46278300,,
2023-04-05,162.125,163.40212898364032,160.1845772758085,163.0952264685397,51511700,,
2023-04-06,163.0160369873047,163.3130448064106,160.38259082111486,160.80829044689202,45390100,,
2023-04-10,160.4122772216797,160.4122772216797,158.48174921205518,159.80836691031573,47716900,,
2023-04-11,159.19456481933594,160.7389872555695,158.90745173956898,160.72909253457362,47644200,,
2023-04-12,158.50155639648438,160.441979159197,158.18474404786926,159.6103694037487,50133100,,
2023-04-13,163.90701293945312,164.1446221690598,159.80834814400168,160.0162581082128,68445600,,
2023-04-14,163.56053161621094,164.6594498569072,162.18441013519882,162.9467114928456,49386500,,
2023-04-17,163.58033752441406,163.73874370809605,162.39232135968928,163.4417358903036,41516200,,
2023-04-18,164.80796813964844,165.73858561594125,163.99614775175192,164.44166704612937,49923000,,
2023-04-19,165.9563751220703,166.48108235627174,163.8872303481945,164.14464415802902,47720200,,
2023-04-20,164.9861602783203,166.19398100625685,163.90704646438456,164.43175373561738,52456400,,
2023-04-21,163.37245178222656,164.78816747380588,162.84774448751364,163.4021510550257,58337300,,
2023-04-24,163.6793670654297,163.9466756478522,162.25374143443926,163.35265993279046,41949600,,
2023-04-25,162.13491821289062,164.64955210777222,162.09530911482935,163.5407390651718,48714100,,
2023-04-26,162.125,163.6298284131595,161.1745931859106,161.43199188421733,45498800,,
2023-04-27,166.72857666015625,166.8770729984066,163.54072434320634,163.54072434320634,64902300,,
2023-04-28,167.98590087890625,168.15421688581486,166.2038842356674,166.80779457565893,55209200,,
2023-05-01,167.89678955078125,168.74820381228082,166.9562774855819,167.58988704485296,52472900,,
2023-05-02,166.85728454589844,168.6492261368123,165.86726857821876,168.3918123170909,48425700,,
2023-05-03,165.77816772460938,169.21352427793394,165.4910697460863,167.8077034423993,65136000,,
2023-05-04,164.13473510742188,165.3722550253471,162.66951575440282,163.24372680909343,81235400,,
2023-05-05,171.8370819091797,172.55978934902075,169.0551242996228,169.27292902501793,113316400,,
2023-05-08,171.76776123046875,172.1142728432519,170.39163971305302,170.75794076749395,55962800,,
2023-05-09,170.0550537109375,171.80737116626167,169.88675280256177,171.3222729910744,45326900,,
2023-05-10,171.82717895507812,172.29248769554175,170.1837487273319,171.29257694818676,53724500,,
2023-05-11,172.01527404785156,172.84688383352895,170.4510470092042,172.11428168700377,49514700,,
2023-05-12,171.08335876464844,172.5605130962495,169.52687667093326,172.12430116865193,45497800,,
2023-05-15,170.58767700195312,171.71785564660993,169.9928397669383,171.66828335580217,37266700,,
2023-05-16,170.58767700195312,171.64845141401116,170.3199987334625,170.50836436212853,42110300,,
2023-05-17,171.20233154296875,171.4402543357864,168.9518826544196,170.23077817517168,57951600,,
2023-05-18,173.5420379638672,173.73040363267555,171.09331452404342,171.5096946263523,65496700,,
2023-05-19,173.65106201171875,174.8704617599002,173.43295602393476,174.8704617599002,55772400,,
2023-05-22,172.69932556152344,173.20494177332736,171.95578654636702,172.481219573557,43570900,,
2023-05-23,170.08204650878906,171.88637487652753,169.80445985641978,171.63852857067366,50747300,,
2023-05-24,170.3596649169922,170.9346702690374,169.05104404436648,169.61612586083143,45143500,,
2023-05-25,171.499755859375,172.4019050243478,170.21095188854838,170.92475054539574,56058300,,
2023-05-26,173.91871643066406,174.2557989304357,171.61871039409905,171.82690796374212,54835000,,
2023-05-30,175.7726287841797,177.44807247659148,175.04892170114425,175.43556138959772,55964400,,
2023-05-31,175.72303771972656,177.80495282122013,175.2372534954211,175.80235035598085,99625300,,
2023-06-01,178.53858947753906,178.5683298287558,175.405808045758,176.1691790241155,68901800,,
2023-06-02,179.3911590576172,180.21401063542316,177.7157155545107,179.47047169338217,61945900,,
2023-06-05,178.032958984375,183.3566927559336,176.50621727974132,181.05668691999816,121946500,,
2023-06-06,177.6661834716797,178.56833268525313,175.9015035496613,178.41963092679066,64848400,,
2023-06-07,176.28814697265625,179.64894264257163,175.79245430672572,176.90280103766142,61944600,,
2023-06-08,179.0144500732422,179.28211321134853,175.93124119908015,176.36743802214428,50214900,,
2023-06-09,179.40109252929688,180.6601409825454,179.0739335613958,179.93643394119178,48870700,,
2023-06-12,182.20669555664065,182.3058401364476,179.4109969086846,179.7084155207665,54274900,,
2023-06-13,181.7308349609375,182.5635949733869,180.86833459999627,181.2252339092373,54929100,,
2023-06-14,182.36534118652344,182.8015531826157,180.45197462688512,181.79033583961464,57462900,,
2023-06-15,184.40757751464844,184.91319370821407,182.19679249165128,182.37524971506843,65433200,,
2023-06-16,183.32696533203125,185.3791401358477,182.6825709468553,185.12137027990616,101235600,,
2023-06-20,183.4162139892578,184.4968356108102,182.8213918043196,182.8213918043196,49799100,,
2023-06-21,182.3752593994141,183.8127651610623,181.01705115534045,183.30714894064775,49515700,,
2023-06-22,185.3890380859375,185.4386103729254,182.08772345340464,182.15712768065535,51245300,,
2023-06-23,185.07180786132807,185.9442318005757,183.4161961601396,183.9515527146196,53079300,,
2023-06-26,183.6739654541016,186.4300154782604,183.63430156934749,185.22052415803643,48088700,,
2023-06-27,186.4399261474609,186.767085127622,184.0705157705428,184.28862175731683,50730800,,
2023-06-28,187.6196746826172,188.26406909954764,185.9838949305078,186.31103877905792,51216800,,
2023-06-29,187.9567413330078,188.43261718372244,187.31234691859044,187.45114025988065,46347300,,
2023-06-30,192.29901123046875,192.8046122965116,189.61235036422667,189.9791732182635,85069600,,
2023-07-03,190.8020172119141,192.20978249103928,190.1080354156176,192.11063791232868,31458200,,
2023-07-05,189.6817626953125,191.31754248795588,188.97787243386384,189.9197006274937,46920300,,
2023-07-06,190.15760803222656,190.3658055969416,187.5700918477509,188.20457782150964,45094300,,
2023-07-07,189.03733825683597,191.01020041329645,188.60114143984475,189.761060404174,46778000,,
2023-07-10,186.9851837158203,188.3533002828443,185.428701519732,187.62957811566648,59922200,,
2023-07-11,186.4597625732422,187.66925393721883,184.9925164583988,187.53046059023825,46638100,,
2023-07-12,188.1352081298828,190.04857465553212,186.84640410814296,188.0459719487468,60750200,,
2023-07-13,188.8985748291016,189.54298444064503,188.14512734155144,188.85892606758472,41342300,,
2023-07-14,189.0472717285156,189.5330408605952,187.99640569502964,188.59122781892407,41573900,,
2023-07-17,192.31884765625,192.64600663390735,190.1576197476668,190.24684079775335,50520200,,
2023-07-18,192.0610809326172,192.65591819761897,190.76236853561463,191.6843647836334,48353800,,
2023-07-19,193.4192657470703,196.52229125160747,190.99035981508428,191.4364952735067,80507300,,
2023-07-20,191.46624755859372,194.777470825343,190.84166997972972,193.409354272532,59581200,,
2023-07-21,190.2864990234375,193.29039530573385,189.58260879656223,192.4278949258684,71917800,,
2023-07-24,191.0895233154297,193.230919269526,190.5938306479448,191.7438412670713,45377800,,
2023-07-25,191.95201110839844,192.76495429080137,191.25804444496836,191.6645160361698,37283200,,
2023-07-26,192.82444763183597,193.95462630849192,191.6546201978147,192.0015959886147,47471900,,
2023-07-27,191.55548095703125,195.50119046422063,190.89125457942112,194.33136299756583,47460200,,
2023-07-28,194.14300537109372,194.93611671931453,192.46756161890423,192.99299467254065,48291400,,
2023-07-31,194.7576446533203,194.7973085377491,193.5778936926673,194.37100498050745,38824100,,
2023-08-01,193.9248809814453,195.0352276872512,193.5977220140548,194.5494585671308,35175100,,
2023-08-02,190.9209899902344,193.4985827896997,190.1972829299724,193.3597894476311,50389300,,
2023-08-03,189.52313232421875,190.71279169853844,189.04727159995883,189.91969553388512,61235200,,
2023-08-04,180.42222595214844,185.76579240309636,180.35282171627148,183.92181504025928,115799700,,
2023-08-07,177.30929565429688,181.5524242148805,175.82221746360614,180.56103875442,97576100,,
2023-08-08,178.2510986328125,178.71705098279648,176.05022182613857,178.14204563329835,67823000,,
2023-08-09,176.65493774414062,179.37132361114365,175.48509529864398,179.31184291731705,60378500,,
2023-08-10,176.43682861328125,179.19287831156532,176.07002092304583,177.93381484794008,54686900,,
2023-08-11,176.4963836669922,177.32034635977644,175.2654156687126,176.0298173483885,51988100,,
2023-08-14,178.15426635742188,178.38258864969947,176.01990054114177,176.6751020557822,43675600,,
2023-08-15,176.1588897705078,178.17411849604412,175.7618061867858,177.5784931204611,43622600,,
2023-08-16,175.28529357910156,177.24094603057796,175.2157956243564,175.84121662599503,46964900,,
2023-08-17,172.73399353027344,176.218449670705,172.21777275650916,175.85114660071363,66062900,,
2023-08-18,173.22042846679688,173.82599075554495,170.7088377809484,171.04636032936088,61114200,,
2023-08-21,174.5605926513672,174.84849110751958,172.47588124297116,173.79620604217206,46311900,,
2023-08-22,175.9405059814453,176.38722884254358,174.9676405054006,175.77174468493126,42084200,,
2023-08-23,179.8022003173828,180.2290795956185,177.0325064942749,177.22112651388355,52722800,,
2023-08-24,175.0966796875,179.78233860000068,174.72936147404116,179.355459364837,54945800,,
2023-08-25,177.31044006347656,177.84650437604776,174.54074667761984,176.08939374478845,51449600,,
2023-08-28,178.87896728515625,179.27605088665493,177.25090028258217,178.77968881089737,43820700,,
2023-08-29,182.7803649902344,183.55468861261488,178.19398428109324,178.3925260808221,53003900,,
2023-08-30,186.28468322753903,186.48324017846025,183.3958674239672,183.59440922711968,60813900,,
2023-08-31,186.5030517578125,187.7439567493299,186.1158900063697,186.47327124983735,60794500,,
2023-09-01,188.08151245117188,188.53815704908095,186.91009015003397,188.11129296200207,45732600,,
2023-09-05,188.31976318359372,188.59772472633043,186.24497340110617,186.91009674606676,45280000,,
2023-09-06,181.5791778564453,187.47596172928527,180.14965265723944,187.02922374370715,81755800,,
2023-09-07,176.26809692382812,176.9133767073295,172.27734161590178,173.90540860928058,112488800,,
2023-09-08,176.88356018066406,178.92858440411607,176.4963984153427,177.05233659559462,65551300,,
2023-09-11,178.0549774169922,178.98814040153138,176.0496706936909,178.7598181226865,58953100,,
2023-09-12,175.01727294921875,178.81940831086655,173.54804542949864,178.18406545251986,90370200,,
2023-09-13,172.9424591064453,176.00997270905043,172.71412167424248,175.22571224634177,84267900,,
2023-09-14,174.46133422851562,174.81871550108795,172.3170465930817,172.73398888645488,60895800,,
2023-09-15,173.73663330078125,175.2157976120051,172.55530438661506,175.1959388893145,109205100,,
2023-09-18,176.6750946044922,178.0748391046168,174.88818834345716,175.1959303652364,67257600,,
2023-09-19,177.76712036132812,178.3230434602776,175.84123309156146,176.22839490317045,51826900,,
2023-09-20,174.21315002441406,178.3925098170354,174.1237933470795,177.95570880879336,58436200,,
2023-09-21,172.6644744873047,175.0172406192522,172.5949916855764,173.27997365508898,63047900,,
2023-09-22,173.5182342529297,175.79158086544706,172.7836281326413,173.39911221131908,56725400,,
2023-09-25,174.79885864257812,175.6823824720043,172.88289328236814,172.93253251615403,46172700,,
2023-09-26,170.70883178710938,173.92524796713502,170.41101154694528,173.54802313417602,64588900,,
2023-09-27,169.18995666503906,171.78096710415326,167.8200077433672,171.36402481079512,66921800,,
2023-09-28,169.4480743408203,170.77832096236608,166.40040416763804,168.1078907839796,56294400,,
2023-09-29,169.96429443359375,171.81076180692196,169.10061419351356,170.76839850543928,51814200,,
2023-10-02,172.48580932617188,173.03181060107437,169.6863201427267,169.97421860938772,52164500,,
2023-10-03,171.14561462402344,172.36667607241205,169.5771240058018,171.0066338674304,49594600,,
2023-10-04,172.39646911621094,172.94247039530038,169.7260388902924,169.8451609338146,53020300,,
2023-10-05,173.6373748779297,174.17343922355133,171.42358924241523,172.52551359241795,48527900,,
2023-10-06,176.1986083984375,176.6949704553005,171.91995474415313,172.53545399514545,57224100,,
2023-10-09,177.68768310546875,177.74724412480683,174.52089096334598,175.52353680032698,42390800,,
2023-10-10,177.09202575683594,178.41235043494368,176.65522479291874,176.80414247485348,43698000,,
2023-10-11,178.49179077148438,178.54143000452555,176.30780084757703,176.90342620076967,47551100,,
2023-10-12,179.39517211914062,181.0133020416141,177.73730960362397,178.75982932462722,56743100,,
2023-10-13,177.5487060546875,180.60628286156256,176.84386529966793,180.09999903884182,51427100,,
2023-10-16,177.41964721679688,177.7770284883398,175.22572035442593,175.46397958471027,52517000,,
2023-10-17,175.86106872558594,177.12183257732815,173.5281761730158,175.36470667426025,57549400,,
2023-10-18,174.5605926513672,176.28793794498117,173.83590833900334,174.30248985254676,54764400,,
2023-10-19,174.18336486816406,176.5460377577175,173.9153251388443,174.75913147519677,59302900,,
2023-10-20,171.6221466064453,174.14365914589465,171.38388737014972,174.03445888939677,64189300,,
2023-10-23,171.7412567138672,172.7439025281915,168.69358667928853,169.66646713238327,55980100,,
2023-10-24,172.1780548095703,172.40637709061713,170.2025285754243,171.79089305137515,43816600,,
2023-10-25,169.85511779785156,171.8008487599163,169.4083797866938,170.62944146713008,57157000,,
2023-10-26,165.67572021484375,170.13305676328346,164.4645956319317,169.1303957533013,70625300,,
2023-10-27,166.9960479736328,167.73066925493364,165.6161620916175,165.69558183671225,58499100,,
2023-10-30,169.05096435546875,169.92456632823416,167.6412980843576,167.79021577395145,51131000,,
2023-10-31,169.52749633789062,169.6565401685357,166.67836791176023,168.11782995408234,44846000,,
2023-11-01,172.70419311523438,172.9622958984868,168.88219970872248,169.75580166398598,56934900,,
2023-11-02,176.2780303955078,176.4864939793014,174.18338188289627,174.2429429068373,77334800,,
2023-11-03,175.36468505859375,175.53346146527645,172.08870804185926,172.97223177840408,79763700,,
2023-11-06,177.92593383789062,178.1244756256995,174.92791800211177,175.09667927913767,63841300,,
2023-11-07,180.49710083007807,181.1125849169399,177.66783112206795,177.87629469765844,70530000,,
2023-11-08,181.55929565429688,182.1152186825965,180.2687513970205,181.0232313477984,49340300,,
2023-11-09,181.0828094482422,182.7803592021012,180.4871689201494,181.62881074103257,53763500,,
2023-11-10,185.28756713867188,185.45656593393636,182.43470002292048,182.8720765495985,66133400,,
2023-11-13,183.69711303710935,184.91976812620925,183.11063780884533,184.7110299042217,43627500,,
2023-11-14,186.3213348388672,186.9873343669909,185.1881391216873,186.5797776628828,60108400,,
2023-11-15,186.887939453125,188.36905250310775,186.65931635404164,186.72890587030213,53790500,,
2023-11-16,188.57778930664065,189.82032912157425,187.52410280269012,188.4386254540769,54412900,,
2023-11-17,188.5579376220703,189.24382214751304,187.4446266055401,189.11459313033544,50922700,,
2023-11-20,190.30740356445312,190.76466491067268,188.7467813740569,188.75671623264228,46505100,,
2023-11-21,189.5022430419922,190.37699597796984,188.60762038854105,190.26765186097265,38134500,,
2023-11-22,190.1682281494141,191.77855487032625,189.69109711501824,190.3471617671388,39617700,,
2023-11-24,188.83624267578125,189.76068506922263,188.1205384889839,189.73086532541635,24048300,,
2023-11-27,188.6573181152344,189.53207108953595,187.77263028176085,188.78654712309,40552600,,
2023-11-28,189.263671875,189.9396214691522,188.26963995303524,188.6473769370533,38415400,,
2023-11-29,188.2398376464844,190.9436059381113,187.84223090795533,189.7607054145589,43014200,,
2023-11-30,188.8163604736328,189.1841625986753,187.06686975200407,188.70701635554832,48794400,,
2023-12-01,190.0986785888672,190.41676093068807,188.1006646303825,189.19410585978827,45679300,,
2023-12-04,188.2994384765625,188.9157485127765,186.33125973984195,188.84615900557424,43389500,,
2023-12-05,192.26564025878903,193.23978723319647,189.0449715767376,189.0748064867984,66628400,,
2023-12-06,191.17221069335935,193.59763564136293,190.96345733322272,193.28948819788863,41089700,,
2023-12-07,193.11058044433597,193.8362194805571,192.43463086867496,192.4744006383907,47477700,,
2023-12-08,194.5419921875,194.8203199094653,192.5141585929263,193.04099429291227,53377300,,
2023-12-11,192.02706909179688,192.3352317119437,190.27757846347603,191.957494748212,60943700,,
2023-12-12,193.5479736328125,193.5579084922386,190.5758125501861,191.92769665062556,52696900,,
2023-12-13,196.7785797119141,196.81833431777545,193.6871396116279,193.9256975822452,70404200,,
2023-12-14,196.9276885986328,198.42867152282497,194.98932914878856,196.83822935503812,66831600,,
2023-12-15,196.3908843994141,197.2159175062833,195.8242789513829,196.35111463057535,128256700,,
2023-12-18,194.72091674804688,195.4565058464004,193.22986883323685,194.91972010314345,55751900,,
2023-12-19,195.76466369628903,195.77459855586707,194.72092706706565,194.98931995291727,40714100,,
2023-12-20,193.6672515869141,196.5002336161637,193.6672515869141,195.7248898887713,52242800,,
2023-12-21,193.51812744140625,195.90381315665195,192.3451770530628,194.9296661193148,46482500,,
2023-12-22,192.444580078125,194.24377537319003,191.81833513340536,194.0151371176024,37122800,,
2023-12-26,191.8978729248047,192.73285613100865,191.6791846801717,192.45452839560733,28919300,,
2023-12-27,191.9972686767578,192.3451859328733,189.94956524818429,191.34121910492223,48087700,,
2023-12-28,192.4247131347656,193.4982694967864,192.01715638138543,192.98136861854132,34049900,,
2023-12-29,191.38096618652344,193.23980104114617,190.58573760932344,192.7427850763616,42628800,,
2024-01-02,184.53207397460935,187.3153662175252,182.79251821875232,186.03305662356885,82488700,,
2024-01-03,183.1503753662109,184.77065219734183,182.3352619375341,183.1205556229884,58414500,,
2024-01-04,180.8243560791016,181.99730650228184,179.80050438167336,181.06291404030492,71983600,,
2024-01-05,180.09869384765625,181.6692660827433,179.09472708075188,180.90387243418792,62303300,,
2024-01-08,184.4525604248047,184.4923301954816,180.41679326133183,181.0032684531674,59144500,,
2024-01-09,184.0350646972656,184.0449995558496,181.63944418662985,182.82234457021028,42841800,,
2024-01-10,185.0788116455078,185.2875498615879,182.8223548665811,183.24979649333247,46792900,,
2024-01-11,184.48239135742188,185.93368472067908,182.524147145214,185.42671870400412,49128400,,
2024-01-12,184.81040954589844,185.6255229866903,184.0847705038269,184.9495734055796,40444700,,
2024-01-16,182.5340881347656,183.1603179365285,179.85018978995151,181.07285998444632,65603000,,
2024-01-17,181.58973693847656,181.83824490899735,179.22395137316974,180.1881635122084,47317400,,
2024-01-18,187.50424194335935,188.01119275141855,184.72094959289208,184.979392426226,78005800,,
2024-01-19,190.41677856445312,190.8044504602843,187.693140433438,188.20009132253247,68741000,,
2024-01-22,192.7328338623047,194.16424214625192,191.1125571009308,191.15232686866392,60133900,,
2024-01-23,194.01516723632807,194.5817727824096,192.67323307639492,193.85613363662088,42355600,,
2024-01-24,193.33921813964844,195.20800309667516,193.1801693842155,194.25372573180164,53631300,,
2024-01-25,193.01116943359372,195.0986424607324,191.95749806154728,194.0549059471631,54822100,,
2024-01-26,191.2716217041016,193.59765277461963,190.79449062577763,193.11058683739935,44594000,,
2024-01-29,190.5857391357422,191.05293535979936,188.4485765371413,190.8640668648328,47145600,,
2024-01-30,186.91775512695312,190.6553248447769,186.35116482109103,189.80045678886228,55859400,,
2024-01-31,183.2994842529297,185.98338263365997,183.24979478995036,185.923727976182,55467800,,
2024-02-01,185.74481201171875,185.83427124755644,182.72296153753896,182.8919451500293,64885400,,
2024-02-02,184.74082946777344,186.21199239128737,178.1802130458578,178.78657309445222,102518000,,
2024-02-05,186.5598907470703,188.12052803558691,184.73087577921015,187.02708693103884,69668800,,
2024-02-06,188.17025756835935,188.18019242781668,185.6553578627436,185.74481710103248,43490800,,
2024-02-07,188.27960205078125,189.9098139006124,187.4843734286802,189.5022571462235,53439000,,
2024-02-08,187.19610595703125,188.40881099372643,186.2318937425713,188.25971226684047,40962000,,
2024-02-09,187.9624786376953,189.0971204380579,187.11646725876847,187.76340641648085,45155200,,
2024-02-12,186.2704620361328,187.78332288230948,185.91215328801408,187.53449778464588,41781900,,
2024-02-13,184.17034912109372,185.334863762688,182.6475409738721,184.89692922859723,56529500,,
2024-02-14,183.28456115722656,184.6580805583909,181.5826059912504,184.44907598078345,54630500,,
2024-02-15,182.99591064453125,183.6229546827019,180.49771240148527,182.6873699867257,65434500,,
2024-02-16,181.4532012939453,183.98127264473297,180.816209688257,182.5579852711476,49701400,,
2024-02-20,180.70672607421875,181.5726325042779,179.15405998428736,180.93564089848357,53665600,,
2024-02-21,181.46316528320312,182.03047857973695,179.8109630738625,181.08494629412857,41529700,,
2024-02-22,183.5035400390625,184.0907788497269,181.60252771208349,182.6177232415446,52292200,,
2024-02-23,181.6622467041016,184.17039296301743,181.3736010619765,184.14053516377416,45119700,,
2024-02-26,180.30860900878903,181.90108040317875,179.8009961275691,181.38353517321784,40867400,,
2024-02-27,181.77171325683597,183.05564406470424,178.71613380047907,180.24890489042255,54318900,,
2024-02-28,180.56739807128903,182.2594057262961,179.28346722817705,181.65227187035532,48953900,,
2024-02-29,179.90054321289062,181.71199718953457,178.6862755375109,180.4181036615144,136682600,,
2024-03-01,178.815673828125,179.6815803178056,176.54639012704013,178.7061901764464,73488000,,
2024-03-04,174.27711486816406,176.06864352848322,172.97325852152966,175.32216819099037,81510100,,
2024-03-05,169.3204803466797,171.23145507958293,168.82283020205665,169.9574719243141,95132400,,
2024-03-06,168.32518005371094,170.43522699407845,167.88724549652,170.256065044738,68587700,,
2024-03-07,168.20574951171875,169.92761476617306,167.6981518296525,168.35503848083317,71765100,,
2024-03-08,169.92762756347656,172.8836708711805,168.14604658720506,168.20576217934803,76114600,,
2024-03-11,171.93812561035156,173.56046994775534,171.24141844268888,172.12723509594798,60139500,,
2024-03-12,172.41587829589844,173.21212162678884,170.20631026653984,172.33625244410158,59825400,,
2024-03-13,170.32577514648438,172.37609169504998,169.95750364352023,171.9580673179999,52488700,,
2024-03-14,172.18695068359375,173.49079163745046,171.24141844268888,172.0973773021251,72913500,,
2024-03-15,171.80873107910156,171.80873107910156,169.4896795825833,170.36554869703198,121664700,,
2024-03-18,172.90357971191406,176.87483361469177,172.70452267737835,174.7448914522954,75604200,,
2024-03-19,175.2524871826172,175.77999515234478,172.2168180823409,173.52065910891577,55215200,,
2024-03-20,177.83030700683594,177.83030700683594,174.2671300256647,174.89417408943874,53423100,,
2024-03-21,170.56460571289062,176.65585381045534,170.037097774542,176.21791925324277,106181300,,
2024-03-22,171.47035217285156,172.23673773536032,169.26078406375387,170.95279171103329,71106600,,
2024-03-25,170.0470733642578,171.13194711675715,168.65364374159117,169.76839047714014,54288300,,
2024-03-26,168.9124298095703,170.61438491064948,168.78303590364706,169.20106023000122,57388400,,
2024-03-27,172.49549865722656,172.78414425918754,169.31054062211945,169.609133760084,60273300,,
